path,split,label,pixel_sha256
data/raw/test/angular_leaf_spot/angular_leaf_spot_test.0.jpg,test,0,ae1e85a5bcccb1d53ff728566b14ec0f13af597ce83bdc905ab3588955cfdc70
data/raw/test/angular_leaf_spot/angular_leaf_spot_test.1.jpg,test,0,20db36707c81354795dd4baecb31c41a461ba8651588d8efb3b182ebc545fe1c
data/raw/test/angular_leaf_spot/angular_leaf_spot_test.10.jpg,test,0,a87a4140a2fce72c93ce4a4aa13b9e38606b320af8046c4eb01026ddc02f931a
data/raw/test/angular_leaf_spot/angular_leaf_spot_test.11.jpg,test,0,7e8343786263994a355d0d107e80630f0d8ed2ceaf36350438cded87c75c2bf1
data/raw/test/angular_leaf_spot/angular_leaf_spot_test.12.jpg,test,0,259062e54557ba3c20625c15be84173affa90b21b8305380ede6ff6a937f3517
data/raw/test/angular_leaf_spot/angular_leaf_spot_test.13.jpg,test,0,d6609dde9aa8852ad5d9cfd9fcf3a987c317949d6191543494f2ab155a62634e
data/raw/test/angular_leaf_spot/angular_leaf_spot_test.14.jpg,test,0,b8f7d8e32606535f8a09cff0a03813ba0107fce228d189eea78fc018e0cbce41
data/raw/test/angular_leaf_spot/angular_leaf_spot_test.15.jpg,test,0,ce13ecc8a6951e6164fe1e388330c35991ed268e7cf4abc6512e11c58908fc46
data/raw/test/angular_leaf_spot/angular_leaf_spot_test.16.jpg,test,0,bc3c4df995a4bb34c1dac4ad28589778d9908b830e2f0fb1da48832bbfc6b860
data/raw/test/angular_leaf_spot/angular_leaf_spot_test.17.jpg,test,0,83aeae73d148a7952ab200a1969e891288edda2391e5be028f1fa70bb8fd6fe6
data/raw/test/angular_leaf_spot/angular_leaf_spot_test.18.jpg,test,0,409463c993fbddefe8f40ee8ce394d41296877e711ec0f0f4acc2b92ad0e1db3
data/raw/test/angular_leaf_spot/angular_leaf_spot_test.19.jpg,test,0,624886ed53b74cbd9bdb6240608b80353370f96c373a74dd46714b01298a7ff1
data/raw/test/angular_leaf_spot/angular_leaf_spot_test.2.jpg,test,0,736d12b1a67225ace4a87c4ee9f3606cf46ec2aa29f5e5084064572b99b34ad2
data/raw/test/angular_leaf_spot/angular_leaf_spot_test.20.jpg,test,0,aafd6a26a36a099fa18d45efd02fac82d3be93ab411028b38cce429cf2a0c445
data/raw/test/angular_leaf_spot/angular_leaf_spot_test.21.jpg,test,0,a0fb2bada80a986f523fc4e9d4d7fa03ce50a67b032e307c9b4dd593c6375ee1
data/raw/test/angular_leaf_spot/angular_leaf_spot_test.22.jpg,test,0,48c1d2182971e125b294c5f561f8e78cadd623e467b913c5081cedd319f3e833
data/raw/test/angular_leaf_spot/angular_leaf_spot_test.23.jpg,test,0,bf802dd7d38e307d35e0e8c96684320f51ddb4e9869c16e46e58c4884fd76bad
data/raw/test/angular_leaf_spot/angular_leaf_spot_test.24.jpg,test,0,8dbda9d6bfef78fb7c6c6c1cc8bea5280d0c3b3477dffac236e1e5f86b79ec5e
data/raw/test/angular_leaf_spot/angular_leaf_spot_test.25.jpg,test,0,5967ddbb5d26fd6d22c368c5462499f449c4ef7fe7a2d0466aa41a92f8571aaf
data/raw/test/angular_leaf_spot/angular_leaf_spot_test.26.jpg,test,0,725ab4beffecdc2b69027fcdf8aadad31bf095be5fa2a133794a057a4e8f4f30
data/raw/test/angular_leaf_spot/angular_leaf_spot_test.27.jpg,test,0,3e2bf84f8dcda68e7e4c66c90c0747b985e1c735a0028770387f22a6fc89b37e
data/raw/test/angular_leaf_spot/angular_leaf_spot_test.28.jpg,test,0,af1a42ef30adf27b1012674f4b3e48a1131de9590a9c04da3eda1619433d9a4c
data/raw/test/angular_leaf_spot/angular_leaf_spot_test.29.jpg,test,0,ec23b1d1d471a8e0b71bad07f35273a3c3a32aeee869a0e3a47c6e5087a3a2bc
data/raw/test/angular_leaf_spot/angular_leaf_spot_test.3.jpg,test,0,275907f681a709cb08510888465962ee63b638aaaf7ce381f678dfc408506583
data/raw/test/angular_leaf_spot/angular_leaf_spot_test.30.jpg,test,0,4098d0850bd6c0ce156bdf9dd2f62d9ed1ee7306bf4c66d2a22e2f31d3687f18
data/raw/test/angular_leaf_spot/angular_leaf_spot_test.31.jpg,test,0,76c19314b55c5cab8a9b2583d5715a9ff07ec260f3b316144643679a22a68182
data/raw/test/angular_leaf_spot/angular_leaf_spot_test.32.jpg,test,0,2ea054cdfbda00d166ae293502701fc13b8126e8a6df6de7285f2eace50a0c3b
data/raw/test/angular_leaf_spot/angular_leaf_spot_test.33.jpg,test,0,1419d0f73840c95df2ebf6b0390f8c27f88215f514ae144e5452c2dc6dc1bfc2
data/raw/test/angular_leaf_spot/angular_leaf_spot_test.34.jpg,test,0,3aab630efe345a086dae4241bdae3379e39dc8e22e3fda78d49f2b6c21c2f33a
data/raw/test/angular_leaf_spot/angular_leaf_spot_test.35.jpg,test,0,4d531cbf6fad71a15d26ce843511c08f336573a2b20e386578ec4cebf8d92241
data/raw/test/angular_leaf_spot/angular_leaf_spot_test.36.jpg,test,0,9724a2ce2d4714739ebc5dda9bc2c73be0ac340ddd7d19ecbf6d56e13d261bf8
data/raw/test/angular_leaf_spot/angular_leaf_spot_test.37.jpg,test,0,0742c3888e5c9f2a7f174a508d52c58d0d8208896b0c4a276b7a031498d9711a
data/raw/test/angular_leaf_spot/angular_leaf_spot_test.38.jpg,test,0,8240704e7ac5bfc6608cb7698431ef1e538582a2993650c4d87e5db8562e033b
data/raw/test/angular_leaf_spot/angular_leaf_spot_test.39.jpg,test,0,193a0a0a76f780933edcb19dde3a15b78e7168325b3c7ca28a4eb4e3194be169
data/raw/test/angular_leaf_spot/angular_leaf_spot_test.4.jpg,test,0,0f105f3812f627c6db6abeda1ee694dc9bdb16cfe535170e2019b5d1d7943bad
data/raw/test/angular_leaf_spot/angular_leaf_spot_test.40.jpg,test,0,f1d96633b443548a28085e421288bd9ab7c97e6540a63fffa8c149593ef9c513
data/raw/test/angular_leaf_spot/angular_leaf_spot_test.41.jpg,test,0,e3cad5212637f40637902c4264f741aa652b3266327a8dfa9c64ef574615e5aa
data/raw/test/angular_leaf_spot/angular_leaf_spot_test.42.jpg,test,0,aa9521142803952accacd773b2fe4f9d82c986882535b498b61ee620e64c5c77
data/raw/test/angular_leaf_spot/angular_leaf_spot_test.5.jpg,test,0,7d13d4e9b8cbb9b071067f21a6389200b7208754193a59e57c25f40e5636ccdf
data/raw/test/angular_leaf_spot/angular_leaf_spot_test.6.jpg,test,0,e628c0b9a6f200304cdf43382c5fe6d6aba41df3c3b324b6c2fc5c6c31e7b511
data/raw/test/angular_leaf_spot/angular_leaf_spot_test.7.jpg,test,0,2c7851ec194fba63ed2d2878da06f69b7871d178bc435a78074cdf49e2b47b2d
data/raw/test/angular_leaf_spot/angular_leaf_spot_test.8.jpg,test,0,e61e9b0d3ac2cf8af68b413f9994ce1ecdef289c4eae4174e76afd6bbb85c9bb
data/raw/test/angular_leaf_spot/angular_leaf_spot_test.9.jpg,test,0,a63734a9e4be5b9f7e53ef6375e768df11699c213daf154db5a29f643acb4be6
data/raw/test/bean_rust/bean_rust_test.0.jpg,test,1,6d2df84540d49dc0e8d5179ed290b715aba2ed2de74e9101a94e12e72e47a66f
data/raw/test/bean_rust/bean_rust_test.1.jpg,test,1,4259ee944d005ae09aa93f343dc7531cb68e7141be2a8f21e6cbc578fbb619de
data/raw/test/bean_rust/bean_rust_test.10.jpg,test,1,2f79798aca5de350e728da25f98204214279b98551e55e404a6d737cc3e746e4
data/raw/test/bean_rust/bean_rust_test.11.jpg,test,1,ec9ce9707798b4f27174e9c2f9a2feb4d3719c2cd8af547b5f88caa137cd56d4
data/raw/test/bean_rust/bean_rust_test.12.jpg,test,1,0038e4a308cd5358d404622e44ad59284350b6e68be48b9940a768627a45d69b
data/raw/test/bean_rust/bean_rust_test.13.jpg,test,1,56538507dd65483b9da9238efcfbb0a637e3f4a4bdb227260eec3949ebbbea2d
data/raw/test/bean_rust/bean_rust_test.14.jpg,test,1,5f94dba0847a187a8c38943c80d806381027a4e5a9b2ec284a83c0591493f200
data/raw/test/bean_rust/bean_rust_test.15.jpg,test,1,485c9de5b28458a56be25f77c0a69d6e0473fb6946d0c39d8a1b8add5f932221
data/raw/test/bean_rust/bean_rust_test.16.jpg,test,1,6ca7746f75c98fe6d26a1f0c3ced298654c28172578f2ecf47b904bc99ff3959
data/raw/test/bean_rust/bean_rust_test.17.jpg,test,1,cf663cd5e35b766a9b1101c19b5853f3f30903fe6faaa95d418f1290aaee6abd
data/raw/test/bean_rust/bean_rust_test.18.jpg,test,1,931fd74266805b2581ffdc8876d07f73b96f655d54ed32ea72c789f4a5e53e0e
data/raw/test/bean_rust/bean_rust_test.19.jpg,test,1,4c47ab7b7227c60a7219badb2aa0a1e21c53dc8b006217a362b89fa80efcf2c4
data/raw/test/bean_rust/bean_rust_test.2.jpg,test,1,10bb540f2fd7a68dd1a67a1849d804a983ad83fe2bffafb58415b9fa26d1405e
data/raw/test/bean_rust/bean_rust_test.20.jpg,test,1,32adb8525a6f8fe97944794b5842fe7457bd82a181d286d9aa716df7fa55a110
data/raw/test/bean_rust/bean_rust_test.21.jpg,test,1,8e10868bbe4688c510fdd6476b71dd2dbccf3163af2602bab34c0df015c0bf29
data/raw/test/bean_rust/bean_rust_test.22.jpg,test,1,6d96e1cbdc3a8330e17b23ec944e2770db5eda2907c2879ec701e4fea51c349e
data/raw/test/bean_rust/bean_rust_test.23.jpg,test,1,e8e48cc4a7001f3297083e67dcd5edb387ec222d8878e3fea4dc3f83f0a42c97
data/raw/test/bean_rust/bean_rust_test.24.jpg,test,1,d87191494917c7e5c2c9f8983f9f194efa7a2a8a215b7d93be37e0bd4bbfec3b
data/raw/test/bean_rust/bean_rust_test.25.jpg,test,1,82dda2c32048d740f65cdd2c318966c6628d7e5ab0895d4d983ed5c12781e477
data/raw/test/bean_rust/bean_rust_test.26.jpg,test,1,876be0c0c33ba76ddc2577dfeafd66fe38547a4b715bb142bb1575ff93963078
data/raw/test/bean_rust/bean_rust_test.27.jpg,test,1,89082ae62075e45287fe71bbeb8fae515eefaeda3672e99cb6d4e6c874b09e54
data/raw/test/bean_rust/bean_rust_test.28.jpg,test,1,71fa49c1b6d084940f482436c1805d4f992d2e6db694f49085db14fb64dbe237
data/raw/test/bean_rust/bean_rust_test.29.jpg,test,1,fa2917c7a2111b281fe31e5ee0563e8955453b1b3b355077d5996bee9641c85f
data/raw/test/bean_rust/bean_rust_test.3.jpg,test,1,1dd850d2cb9423d9b504b5d1000be780f2da76efb4fe16e0166dae6b584d94b5
data/raw/test/bean_rust/bean_rust_test.30.jpg,test,1,5f53b0e665de145af215f9ee8a966eaed7f4fa2af818ab0c820aee6e936e36bf
data/raw/test/bean_rust/bean_rust_test.31.jpg,test,1,f78f1b8001ccf519320472c6ea1474d69140861eed824b0513d919fe0c3852e8
data/raw/test/bean_rust/bean_rust_test.32.jpg,test,1,da94369270472aa3fa4e1e83112f201c6bd9a928ba62b770178a960211953578
data/raw/test/bean_rust/bean_rust_test.33.jpg,test,1,f8716dd821fa2ccffcd7b022af899b9797517c0474d336b249cf221c7c02030c
data/raw/test/bean_rust/bean_rust_test.34.jpg,test,1,b5062edd6713bda5dccc679ca44d8a55780d85fb922a6a8783cb99ccc4ff22eb
data/raw/test/bean_rust/bean_rust_test.35.jpg,test,1,a6db3696c2aba292afca99047051b7971fb43a38138f1887633671f1ee7e2f15
data/raw/test/bean_rust/bean_rust_test.36.jpg,test,1,08e10cb97912ffda3b39e11d133edf79010958bc5f9fb5f2463ce0b0873a701f
data/raw/test/bean_rust/bean_rust_test.37.jpg,test,1,a117550335eb784d11dbb9b03d80e78ce06b18b58ad290eb1598bf2f50ffa23e
data/raw/test/bean_rust/bean_rust_test.38.jpg,test,1,b3045a69056eaef89cde5aaf4330a9f4f8a6ef359a241f0984551d9d5e6f183a
data/raw/test/bean_rust/bean_rust_test.39.jpg,test,1,7a8356fa131620bae24aa359b5c6bbbfe9f5a31599f9b36ee271c7cb8d6cf29a
data/raw/test/bean_rust/bean_rust_test.4.jpg,test,1,b207a337a6d271625e3a084c2757c157d38c194ce5c76a862886886b83d37d22
data/raw/test/bean_rust/bean_rust_test.40.jpg,test,1,1802d8964301640ebcff99f8fea11fc2913032c5734a3f28838f541a853fe4b6
data/raw/test/bean_rust/bean_rust_test.41.jpg,test,1,cd6a4ad96a05f218a2e08a6854dc9c10e57bfc15568182cb794e7b88cb17f968
data/raw/test/bean_rust/bean_rust_test.42.jpg,test,1,0405a42b6e2a41bacade39055571b7e1c6bd54a388034521662535684b820d7d
data/raw/test/bean_rust/bean_rust_test.5.jpg,test,1,084af34fc01b57a11762a54944b153d079db69abbd150a9964f750bfcd5a97e9
data/raw/test/bean_rust/bean_rust_test.6.jpg,test,1,5af19b053fffea6a7ed2a72ee3be400e558cd6b5ae1369a1227b1e392af068b8
data/raw/test/bean_rust/bean_rust_test.7.jpg,test,1,afeded5650ae43037e6cccca5e3e23ac69aa017d51d7b655f9acd7d749bc1635
data/raw/test/bean_rust/bean_rust_test.8.jpg,test,1,2bed2eb11a840862c611392abc4f08c30782da54f7bf6590bbf4edccc2e4ed06
data/raw/test/bean_rust/bean_rust_test.9.jpg,test,1,9f92f92a382e096075a451fc7d75cb2f45f11af9576fdac52cca236775525748
data/raw/test/healthy/healthy_test.0.jpg,test,2,b68103b74815bd1eef52b789cd76010402071871ee60a029107852a18d414765
data/raw/test/healthy/healthy_test.1.jpg,test,2,1965397aa08f6f631cb81870a7e44187a15905cd89ee7a63751221a31efbcb2b
data/raw/test/healthy/healthy_test.10.jpg,test,2,133f0aa75cce878c40abfa820f866c028b0248dbd84b16d80cf01be5a1b30583
data/raw/test/healthy/healthy_test.11.jpg,test,2,20023857e01a63d782c6d366b72ccae41fd91c315bfdce18a1f4410b90a5bbc4
data/raw/test/healthy/healthy_test.12.jpg,test,2,b4dd7cb218520f13e80ea63bf9a4460d8818f0e9e0c570bd289ef72ee835ffe6
data/raw/test/healthy/healthy_test.13.jpg,test,2,29e7f1e2da0f1dc12757f566b9aa14ca4442d40d45ec053042fd3137494653ed
data/raw/test/healthy/healthy_test.14.jpg,test,2,a85827d95963088231505594d85c86da7ff0fbe9b0136108cce221a49e5b3493
data/raw/test/healthy/healthy_test.15.jpg,test,2,ced63f7b9f4d232726d9f20b520758f49966e53dc5312f94fe5c9317ac1049c0
data/raw/test/healthy/healthy_test.16.jpg,test,2,a1ddfaeae101f96cbebc4afd521651d31c3b0095a9c188a02669e02847a2da2a
data/raw/test/healthy/healthy_test.17.jpg,test,2,48c1a64ec4190bb7eb7f61475a3b5b2591aa7fec420be6adfc3fdd7832937624
data/raw/test/healthy/healthy_test.18.jpg,test,2,494d7eee45a52b0ebc31705fd1b92528ef4c9422bd74e6a6e1297a4adf5d46c9
data/raw/test/healthy/healthy_test.19.jpg,test,2,678db647376cb786ac418af6bb15b3b7802f38eb266e0f8f42ea90315087c85e
data/raw/test/healthy/healthy_test.2.jpg,test,2,0778079250875ea2487df170a4e3528cf30e37469333aeef52862534aed5dc8f
data/raw/test/healthy/healthy_test.20.jpg,test,2,6713abe72a4a3a4f3c7ff0c6412aa4b7e66896a186226e302d27839ab59ffe06
data/raw/test/healthy/healthy_test.21.jpg,test,2,711806c0b50e548bf917b11302c894c71b9fbdb6dfea7273a5124a44bae39e9c
data/raw/test/healthy/healthy_test.22.jpg,test,2,138c597fec7a77cfb3f60a04483dcf07ff255d2f05bda2ba0d9f40aebd6fe1c7
data/raw/test/healthy/healthy_test.23.jpg,test,2,5d03e5d8249d1bb4dd0d76051618e6bfcd2d2d3123afa1e60bd675fbb8c6b3f4
data/raw/test/healthy/healthy_test.24.jpg,test,2,08c6c644da55a9b64f743cedf1e68d513f8b1bcd13ef3021881cfb259e89d64b
data/raw/test/healthy/healthy_test.25.jpg,test,2,3bb0d7d146b1d52fe99c588c3d41659d42121d59516582a55e8aa5e0de6f45fd
data/raw/test/healthy/healthy_test.26.jpg,test,2,fc3d09f0e9ed6b7a1c7fe01ecb585e2207cf41f1877afc35cb2c46c04721b965
data/raw/test/healthy/healthy_test.27.jpg,test,2,00d0b0f8c848dd80a266578bda1e2b12c1d1221ff8e7cc48f975579e632dba1b
data/raw/test/healthy/healthy_test.28.jpg,test,2,03e469425ecf40d12780a08cadc2e40ec6c62531f33774a6afb8ddf41bf546df
data/raw/test/healthy/healthy_test.29.jpg,test,2,879bf3a0ce8f68e55ef5167c0e88f52e32ca75c86cb4f28e5b6aff1b48067cdc
data/raw/test/healthy/healthy_test.3.jpg,test,2,98cc596c97eee9d2cab65fed229e039c969c7416e0e203cad0a5a65758084ecb
data/raw/test/healthy/healthy_test.30.jpg,test,2,f05283605e98727ee01f79f41cead0fdf6c8b3a1d0e6fc896ccbea3e04b75ad0
data/raw/test/healthy/healthy_test.31.jpg,test,2,5f78c828c30f061e957e3c3d1631799454d70be77c301fb878b1122acea92937
data/raw/test/healthy/healthy_test.32.jpg,test,2,0bfdb0ce6df4ef37e23339ff04556a72bf899970b8dcf68dd224a13fa9a9d888
data/raw/test/healthy/healthy_test.33.jpg,test,2,c696d19b65e61e66a4144c3595272d500c757953ab920aa3d5ec7e9512895f0e
data/raw/test/healthy/healthy_test.34.jpg,test,2,bd646ffa2a9e63c7a3ddd418ab5f0a15df5726c87555cb94aa75b379a6609e05
data/raw/test/healthy/healthy_test.35.jpg,test,2,992fe6414e66ed48db929788dc9c9c5ab7b4372ccc30da44842e4f4ce41abec1
data/raw/test/healthy/healthy_test.36.jpg,test,2,bbddc993ac3606fe040506faeb155a46f54db1e4f3fc83cc6e029abada125942
data/raw/test/healthy/healthy_test.37.jpg,test,2,13480c605ad5639340cee6db6f83f27fdb96d1a3e2bdc84ed16d1fb2474ef60b
data/raw/test/healthy/healthy_test.38.jpg,test,2,e2488710cab0bbae03ee194b70efa21a8b7cacc82d1358a1be1c20b35e9b650b
data/raw/test/healthy/healthy_test.39.jpg,test,2,f909afcd5e6b42f8063e106d4d7b2229a494ab9b5f902fb8aea0fda936a57aa9
data/raw/test/healthy/healthy_test.4.jpg,test,2,70265f3bfc2f5c40be143ef5f7f1b77edf24facc59d0adec8e21eed29b4a6383
data/raw/test/healthy/healthy_test.40.jpg,test,2,5fbe7d6da0945ca92786da439aba0b9650c36b241e58436ee5cced7e161f6e8d
data/raw/test/healthy/healthy_test.41.jpg,test,2,a0544d4db83d05157727d3cd7ab08b504da0cd680964a959ab9c2ce829188af6
data/raw/test/healthy/healthy_test.5.jpg,test,2,9a0d15d7edeceed0aa45c0b788989f499f52cfde189bc3635fe3335ac2750f5e
data/raw/test/healthy/healthy_test.6.jpg,test,2,01de5a92df92af38f85a966a32590f61a67e2830c12dea687d51a637fcc833a1
data/raw/test/healthy/healthy_test.7.jpg,test,2,888c9e6eb8eee17409070061c6b5441ea1f086a68d81e5087812894cff6905ea
data/raw/test/healthy/healthy_test.8.jpg,test,2,d807845107ac46a431fd32c3a4e6eaebd49c1fbaca979f547df0565c86dc3da5
data/raw/test/healthy/healthy_test.9.jpg,test,2,cb2161fc16a0cc43d1b2a3b50282c50e2032619efc1d6b8077d9418a07dc8884
data/raw/validation/angular_leaf_spot/angular_leaf_spot_val.0.jpg,validation,0,1ecad29456b456f550b9cf9233eb15225d249fc8448361170d0c084e4908a3e7
data/raw/validation/angular_leaf_spot/angular_leaf_spot_val.1.jpg,validation,0,8a599b1ce3d4fb4ea4c64bef90ae756e53fd4fbd61fa78f8c423550f89a0bbae
data/raw/validation/angular_leaf_spot/angular_leaf_spot_val.10.jpg,validation,0,0f22a6139ff417d4cfae217bddc9aeeac2134b1aa18f39850fce0f1e43db970e
data/raw/validation/angular_leaf_spot/angular_leaf_spot_val.11.jpg,validation,0,9624fdacaec2afa1370f8c7811777289e2220b7b6dd68e0d6a316fe06abc6ca5
data/raw/validation/angular_leaf_spot/angular_leaf_spot_val.12.jpg,validation,0,0e79c63cb1af9a361e18f4c19db7d1e75ac07a52454bb53f1706411adcd453eb
data/raw/validation/angular_leaf_spot/angular_leaf_spot_val.13.jpg,validation,0,d8e596701b5407a663671b37a5f0913963d7dab5f6e6f0d6aa042c19ce6b6a23
data/raw/validation/angular_leaf_spot/angular_leaf_spot_val.14.jpg,validation,0,58e699b58541b2158126a07262b881da4a541c2ee52d849a8157f9f7281a082c
data/raw/validation/angular_leaf_spot/angular_leaf_spot_val.15.jpg,validation,0,f17815dc9876ac69cba30e46e5c699bbbba988b12dd4a18d87f7695863465442
data/raw/validation/angular_leaf_spot/angular_leaf_spot_val.16.jpg,validation,0,281e1ed13039f584154bb7ea9918e90f2789e94d5cc3edc6f9ef875150c265af
data/raw/validation/angular_leaf_spot/angular_leaf_spot_val.17.jpg,validation,0,0140f01d5302b266d4f93d349f3cc3c82f48b0f81e5ac32f4ab268bd74e3f5b7
data/raw/validation/angular_leaf_spot/angular_leaf_spot_val.18.jpg,validation,0,a6d86118559aae608a0130a9b958bf7658514ac60c2664489e248062fd86bb1a
data/raw/validation/angular_leaf_spot/angular_leaf_spot_val.19.jpg,validation,0,21c076baf73bc77a52b5f235b131aa57ccde322088e69caa284a7e9b6c8097dc
data/raw/validation/angular_leaf_spot/angular_leaf_spot_val.2.jpg,validation,0,9efbb686c7b05a9b73ec8a87c7f6c6a460bb7d71a05c67cf373a683f8bfa14f4
data/raw/validation/angular_leaf_spot/angular_leaf_spot_val.20.jpg,validation,0,79fd3448d700a53db1d0b2eebe4c5575bf2dbb2a2c5b0fa61a142070424a182b
data/raw/validation/angular_leaf_spot/angular_leaf_spot_val.21.jpg,validation,0,cb6bdde698a0933b1917f56b2bf989c7961da9a170a97695c587cac8722084fb
data/raw/validation/angular_leaf_spot/angular_leaf_spot_val.22.jpg,validation,0,34e90c7b7258356cde9b10d221a099411d83c141b185061bc64ee08c9d8d500d
data/raw/validation/angular_leaf_spot/angular_leaf_spot_val.23.jpg,validation,0,120b23b34bf07593be195db1e4dde5c75d4c02df0a717003007bdd8293b3365d
data/raw/validation/angular_leaf_spot/angular_leaf_spot_val.24.jpg,validation,0,24b5efdc6f75a2fa5a43d7335a4d783162fac193f20a921a65f0dc7886ac013d
data/raw/validation/angular_leaf_spot/angular_leaf_spot_val.25.jpg,validation,0,91873622c74ae01c4eaa2ffd0af972236c136a09317a9945d631aefd6be8a061
data/raw/validation/angular_leaf_spot/angular_leaf_spot_val.26.jpg,validation,0,111a8ed69d11061d982196b984990c1ffe60a9c46647ab120169dd615349f520
data/raw/validation/angular_leaf_spot/angular_leaf_spot_val.27.jpg,validation,0,806f8b4c6dfae669ab649b5cd1c560569556668d0798ac41d90ee68dc5542f49
data/raw/validation/angular_leaf_spot/angular_leaf_spot_val.28.jpg,validation,0,6d7603d1a22b35c5b20361c25ba1c3b466acb73664542e3fcabb42a2057e8e84
data/raw/validation/angular_leaf_spot/angular_leaf_spot_val.29.jpg,validation,0,f6c16f6a2f87255b6c2a059fc0d71340ee6261a12809ac118b8af62a28d67608
data/raw/validation/angular_leaf_spot/angular_leaf_spot_val.3.jpg,validation,0,992cad5dd0898e377c3a2d2fff34130e67a67e7be4e0f41f3fdbef7e32cc5ace
data/raw/validation/angular_leaf_spot/angular_leaf_spot_val.30.jpg,validation,0,6ea967f00ef4ce69c00079088bfa57585e22eb600497850709882a4e1de937c4
data/raw/validation/angular_leaf_spot/angular_leaf_spot_val.31.jpg,validation,0,e0d507a6f8981d730c99d06b6ce5a36fa91d09f471baf640290d2189f4a62c0d
data/raw/validation/angular_leaf_spot/angular_leaf_spot_val.32.jpg,validation,0,1c0e76b038b58fd9a443ae776802cd3423f2908fd85f69fdf1696d19516a2aa4
data/raw/validation/angular_leaf_spot/angular_leaf_spot_val.33.jpg,validation,0,dbc168a1ede6218cca160d170d471d20ef3c3f610f62b460eddd5d45c84728b2
data/raw/validation/angular_leaf_spot/angular_leaf_spot_val.34.jpg,validation,0,d3de6d12345db52b95996aaf15c7ff558622e5860c0d941573694a61cbb737e6
data/raw/validation/angular_leaf_spot/angular_leaf_spot_val.35.jpg,validation,0,3aa137029968c651fa7b1f00199b3b305f4831f5caf372cc9fe01ef9e43f1a47
data/raw/validation/angular_leaf_spot/angular_leaf_spot_val.36.jpg,validation,0,b2fd788f0687751a4986d1da84040fcccdf33fb25100c4dc0bb76f4f9e4f26df
data/raw/validation/angular_leaf_spot/angular_leaf_spot_val.37.jpg,validation,0,c3d2cced7233c8afe41c7cee0c84ce1ac7a48cf619b5f0bfea36c9dd89dd6713
data/raw/validation/angular_leaf_spot/angular_leaf_spot_val.38.jpg,validation,0,6f2250efd2d3c9a3681b479a53f571bb94badcbd4f853a1a4be0925375d7f9b3
data/raw/validation/angular_leaf_spot/angular_leaf_spot_val.39.jpg,validation,0,3b9a8e83a9df50a524a73d603bb4351b23922a7393edcc4433584a3aa5866513
data/raw/validation/angular_leaf_spot/angular_leaf_spot_val.4.jpg,validation,0,42bf07a55fb473e3b6945933c256fdbdaa0712570a185daacb610c0c7f40d63a
data/raw/validation/angular_leaf_spot/angular_leaf_spot_val.40.jpg,validation,0,a3b3153cb3c6b232adfb85b9171e4205ebc996e317c364eef9fdb8dbb2401628
data/raw/validation/angular_leaf_spot/angular_leaf_spot_val.41.jpg,validation,0,6e05c548645edb6d3d9148b414635a0a7b35b84e129ae315266642fb909478f1
data/raw/validation/angular_leaf_spot/angular_leaf_spot_val.42.jpg,validation,0,ccf9776cc31d907566f3af1f7901b25ef83b675a9714a23dd2a3f0525d99018c
data/raw/validation/angular_leaf_spot/angular_leaf_spot_val.43.jpg,validation,0,f1b1990db40faa4a29684f89c111b5f62acefc079488869235d10fb7d2eb47ea
data/raw/validation/angular_leaf_spot/angular_leaf_spot_val.5.jpg,validation,0,2a18f40dd5ce67a0b43ea7e604ecaa66b80873343719e168867ed1d3364be39a
data/raw/validation/angular_leaf_spot/angular_leaf_spot_val.6.jpg,validation,0,ba6d9fa15763f2436f832de9bda20f2208e54daad5b9a02a563ec86be4fd541d
data/raw/validation/angular_leaf_spot/angular_leaf_spot_val.7.jpg,validation,0,50fd799044c097451eb3f22e4dac8bb25192027e1181ea51009bcdd529285095
data/raw/validation/angular_leaf_spot/angular_leaf_spot_val.8.jpg,validation,0,95cb3eedde5e32ce38d88b994d34e4fb255ccc4139878577a978003ef16e84f7
data/raw/validation/angular_leaf_spot/angular_leaf_spot_val.9.jpg,validation,0,2b1288735c4013af43d2172ece8f7a893d51996c193b2b77c0c9b8e905766bf2
data/raw/validation/bean_rust/bean_rust_val.0.jpg,validation,1,61ccb1686202be75a4bac64d3d1631510d7d4e5e23184183cff5f4abc7d8726c
data/raw/validation/bean_rust/bean_rust_val.1.jpg,validation,1,c5356f7024093ebe942e238ff247cf01dab1681b5f16ff1aca5e3dac3049566e
data/raw/validation/bean_rust/bean_rust_val.10.jpg,validation,1,a40905437ffcd0790a57320efa5de6d93e81bcf141272caa311eb29868867207
data/raw/validation/bean_rust/bean_rust_val.11.jpg,validation,1,9a488c412cd53061482db9710d0abb9ebc4d641fba6118246254039a01fbe21a
data/raw/validation/bean_rust/bean_rust_val.12.jpg,validation,1,a5a7db8802ca3140efbee5bffe76b9a2c5f10f83497cb2e13a10cd2509d83000
data/raw/validation/bean_rust/bean_rust_val.13.jpg,validation,1,1fe72f74e74477cadf7655435039440d34d902ca9968d3139707db236fd73b21
data/raw/validation/bean_rust/bean_rust_val.14.jpg,validation,1,d9c42202c1a1b3a1844685d76fe4e8ba4af266defa566b5b51760bf4d1714b5a
data/raw/validation/bean_rust/bean_rust_val.15.jpg,validation,1,665e314226da8f7f92f3164e67410f7e0c943905abe5b0cf0d0042c7eef3cee6
data/raw/validation/bean_rust/bean_rust_val.16.jpg,validation,1,1895d65376ef96725cfdf31337d751133b9f186689556fca1220b12c304231eb
data/raw/validation/bean_rust/bean_rust_val.17.jpg,validation,1,2d86a4a61f15c0bb76318d2a74d1736d53290be08e9241022f09e4d1cf049a3d
data/raw/validation/bean_rust/bean_rust_val.18.jpg,validation,1,2f293b223f8c49cc55b92182c512781f9394014b2cd9a96da96638f9a513ad22
data/raw/validation/bean_rust/bean_rust_val.19.jpg,validation,1,e3fb2866f83c6148df0e7f7eb84c1c2dbafeb8c57e9bc85b0b975997bc9945bc
data/raw/validation/bean_rust/bean_rust_val.2.jpg,validation,1,7c47aa48bd4636837933571cbab7ba78d4180774ab7da13fe7519abcf07c9f5e
data/raw/validation/bean_rust/bean_rust_val.20.jpg,validation,1,f17fdc425712438c70394f4fb9754ea042727991ec65364ed566a7057967ee40
data/raw/validation/bean_rust/bean_rust_val.21.jpg,validation,1,d1e07aba65a94ad6a9268dcafdb46e9b4cc617456d0425cf71fdc72aa4dc1c5a
data/raw/validation/bean_rust/bean_rust_val.22.jpg,validation,1,599f09dc2bc861570424d71055b7d7f3829d28ed665474180bf6bd2af1165df0
data/raw/validation/bean_rust/bean_rust_val.23.jpg,validation,1,db34e81db443cb2d50aaa7e48c980bd2bf81308eb8c984044107d2540bcb6e60
data/raw/validation/bean_rust/bean_rust_val.24.jpg,validation,1,9a84069966ca9c558971f05430308e7d39a57eaf905353a89a154b4bf00cd7bc
data/raw/validation/bean_rust/bean_rust_val.25.jpg,validation,1,432d0f18a6b05802d8f6ab35c0bc0e3755586d36dc276b801331c5059c1fd968
data/raw/validation/bean_rust/bean_rust_val.26.jpg,validation,1,ae2910cc261819ffa013932ee517ac005528700406f38a10045a63cfb1f8f6a0
data/raw/validation/bean_rust/bean_rust_val.27.jpg,validation,1,810f68caa79e88f0a8a62eb555c8231f0368be524e1c47687dc44ef86e9fb82a
data/raw/validation/bean_rust/bean_rust_val.28.jpg,validation,1,f662318eaf6bc65389dfa3b80f7594704bd50b6fb677531d098c37ab21c46fcc
data/raw/validation/bean_rust/bean_rust_val.29.jpg,validation,1,e41cf191381fc0864cf97ec1c1b8166d997dbe327a412a03660cd103f8c838d7
data/raw/validation/bean_rust/bean_rust_val.3.jpg,validation,1,7cb9cad4e100bad34db8e2fc9203ff4d68d82a7ce08db68585464295fa96a929
data/raw/validation/bean_rust/bean_rust_val.30.jpg,validation,1,5f1b3e12d7aea15f4ac1d96038bd63395f0adb1aca5a44c7fd2cf6b14adc35e0
data/raw/validation/bean_rust/bean_rust_val.31.jpg,validation,1,97371f7c7db9cbc808b0d11d1c17916a02cc1527b716cf0d0ece88a7d745cdf4
data/raw/validation/bean_rust/bean_rust_val.32.jpg,validation,1,f24ddf68064d1b7da145451b164b1eaf632e6a9a09653df8a0390745fbceecf9
data/raw/validation/bean_rust/bean_rust_val.33.jpg,validation,1,873808c5d22fcad13e39ca631ea9e8606e489856ccf4b3cce2e90eb805390997
data/raw/validation/bean_rust/bean_rust_val.34.jpg,validation,1,46e043b510123316021e2e3a3b98eb9bc44275d9ab693f5011cd3e9a976855df
data/raw/validation/bean_rust/bean_rust_val.35.jpg,validation,1,89c54774003194c44ae1362438d529b7ce85601096e36fbb2652018757d5295e
data/raw/validation/bean_rust/bean_rust_val.36.jpg,validation,1,28b4172dad044f4f06be8373c51e160b36bad3fc18a31021ae80df93957fa720
data/raw/validation/bean_rust/bean_rust_val.37.jpg,validation,1,cc6c5af03714a11a097865075bb489d50fed647a0daeb54dae2cd6483e140840
data/raw/validation/bean_rust/bean_rust_val.38.jpg,validation,1,b1dfd5a41d382e08e1e9c79b21a7d55df161ac02199959ce297742ca1b64c8b5
data/raw/validation/bean_rust/bean_rust_val.39.jpg,validation,1,3d962c09e6f893e1ecdb304d838ce8408d492d30d644b2095cc683916bbcc586
data/raw/validation/bean_rust/bean_rust_val.4.jpg,validation,1,40162dfdf232250cf7fc14bcb3343e37adca653edb1e2e6bdb1f2b4cd10b8018
data/raw/validation/bean_rust/bean_rust_val.40.jpg,validation,1,8e9a28df56bc8fd670987282fc4e69db21472a90a79153c2eb2fc9a4d74c197d
data/raw/validation/bean_rust/bean_rust_val.41.jpg,validation,1,c45dd8d126cd3eaae2eb3f909d5694b9264ac0e2f7f58a0a170282c192ea4548
data/raw/validation/bean_rust/bean_rust_val.42.jpg,validation,1,6436466fff4e133f5a1809f2f2eaf85ef68d3ff708a5ad432ed04fbf62ffffc5
data/raw/validation/bean_rust/bean_rust_val.43.jpg,validation,1,000a9baabb3c0c8860d03687444e9b5acb3d2a049e387ef35d6bad5e9139bb2d
data/raw/validation/bean_rust/bean_rust_val.44.jpg,validation,1,c6fedd656e2d563695d2b6bff34026626bf9118fdf00857adaa080fa3d67ab40
data/raw/validation/bean_rust/bean_rust_val.5.jpg,validation,1,9e661f1513328702cf59c67cb9583cd1fc50161040379d97d21852f467fc3a9f
data/raw/validation/bean_rust/bean_rust_val.6.jpg,validation,1,7eb14e78462744eb08efbbba38be30f28440fbe7df696c31ad79eba38d9f696c
data/raw/validation/bean_rust/bean_rust_val.7.jpg,validation,1,61ac8ebd5ca9e96619600ed28ccbef71a0b3c20688ab2de8132a1553bb86babf
data/raw/validation/bean_rust/bean_rust_val.8.jpg,validation,1,0fbcb761a6b8258f3fc3555ff861329d55e1be26130e7aa673cb28ebe99fee4a
data/raw/validation/bean_rust/bean_rust_val.9.jpg,validation,1,d835c6fa4862432134a03565c390045d1b06f5f52f9fe2612c32deb8a9922a58
data/raw/validation/healthy/healthy_val.0.jpg,validation,2,8b5e0b4ec05a06b8f4b87604481b5242d2908534cfa9e2afcefa75cc79517c6a
data/raw/validation/healthy/healthy_val.1.jpg,validation,2,d55dc7af2fb59d5c2f6d1a13118e06019f3e71fd188f26583b9ad6ec7d181c14
data/raw/validation/healthy/healthy_val.10.jpg,validation,2,7e9ddf5882d6eae7a53beea7db2778663532ff1deb2a869a9c45e879725063e7
data/raw/validation/healthy/healthy_val.11.jpg,validation,2,4dd2effeb1c7eee737e312361bb3ed575b3ea70eebe642b895051fc030b0b01a
data/raw/validation/healthy/healthy_val.12.jpg,validation,2,b16d8ffa7f7d81a9ef28476c645fe483fe77b3b1b1cb37997af063657d8631fe
data/raw/validation/healthy/healthy_val.13.jpg,validation,2,610b2dc8081794005b1bade9b43e5e09a8687eadfc52aa28d675291f99081a2c
data/raw/validation/healthy/healthy_val.14.jpg,validation,2,e5ec3d46571c68de39576950f45c9f009ca4b9e35356ecdd9fbe617146f0b857
data/raw/validation/healthy/healthy_val.15.jpg,validation,2,e22a31731e1c356fe645b078ad5b1cd141af6182805367b6a1f8f8182c0edf44
data/raw/validation/healthy/healthy_val.16.jpg,validation,2,e4883ff60ef39aed51addd68c711fa3f5bcaad754daebf79fd7e9cff5bf443e9
data/raw/validation/healthy/healthy_val.17.jpg,validation,2,6816c0d2191c79bb0937e704c1b60afcd74f8b79784c08a9266d27fefc0c582d
data/raw/validation/healthy/healthy_val.18.jpg,validation,2,e2283bc6203778080a4aba8893018ce11558adc199d1e848f5c098b006ad1070
data/raw/validation/healthy/healthy_val.19.jpg,validation,2,e96503a92baf5b532ef512b7e591682cc2b87df50562abea4447a3fa63b9935a
data/raw/validation/healthy/healthy_val.2.jpg,validation,2,858181846a62513e49a181f7b6f79514df081c2d1fcaff273d19fcbddf2ff2c0
data/raw/validation/healthy/healthy_val.20.jpg,validation,2,466a708554ba2dcaf3268419d2bfb63962105b19c7affed65aa6f2567169d331
data/raw/validation/healthy/healthy_val.21.jpg,validation,2,aa79a2c2e52d9bbe4c0e6d8b36dd591d3c1767f2cd74c20c97fed379f847db95
data/raw/validation/healthy/healthy_val.22.jpg,validation,2,445606a8d5d00759a952dba8d3f479bc6693067ac5f4b61ab5fbf83d0b7f6471
data/raw/validation/healthy/healthy_val.23.jpg,validation,2,3faa7b189394818f579a802b25342596b04d24a9ad840afeeac984ab02a450c4
data/raw/validation/healthy/healthy_val.24.jpg,validation,2,35d8fd13d54766fb0313beceab53f6f67f8301712b9a430b89b1522d5e22f59a
data/raw/validation/healthy/healthy_val.25.jpg,validation,2,a9b008b51d210f1f9c6895ab2d27a0d7afdda9b73b1dbdfff627a85baba4b7ed
data/raw/validation/healthy/healthy_val.26.jpg,validation,2,34d17786d02ec292145d232f6d8ca188eb2935f311d49d4e3bcf567c1b9a1306
data/raw/validation/healthy/healthy_val.27.jpg,validation,2,1a9e2231d78d06b1bf204a41723e3de1b16832aab848bb13709aeb257cb65371
data/raw/validation/healthy/healthy_val.28.jpg,validation,2,d8fd60c1c36e311129a64fdde53f4576b1de25401916b2b9510e2088c792aef5
data/raw/validation/healthy/healthy_val.29.jpg,validation,2,85e85ecd2d5d9366f27f08cb104c214419693fb2c674ac061911e6ec47919c99
data/raw/validation/healthy/healthy_val.3.jpg,validation,2,dd942f9445040ba165cb03002d8dbc961458c940c1a8aaa61c75ef68f741c654
data/raw/validation/healthy/healthy_val.30.jpg,validation,2,7a275b74b2ef8ea377bb87b54c54adbbfd38255c08c7654f4bdd91388b429dbf
data/raw/validation/healthy/healthy_val.31.jpg,validation,2,cc129ce06c0353ac344075e20e36648df08c968caf0307c4bb017e410d9a1ad0
data/raw/validation/healthy/healthy_val.32.jpg,validation,2,565ce2d73351bf846d9c0baa24fecaf61f2f4b685d15e720ee3a14309134fbfe
data/raw/validation/healthy/healthy_val.33.jpg,validation,2,7d80811d21b1bf5aac31fbccc908749f6f027564c9ce503fd506d9396cdf74c1
data/raw/validation/healthy/healthy_val.34.jpg,validation,2,721f6597883b0d49903b338a23c5a5a95aecc6897528f7baa994eb338501f21b
data/raw/validation/healthy/healthy_val.35.jpg,validation,2,40f9626942b48f130a28f06bb8b8c177659497d71dd4a47b67a44db40aaa0b6b
data/raw/validation/healthy/healthy_val.36.jpg,validation,2,a4af10ab5d3821f02c7c1ef43eba3f57c8345968f8f8a87ec8d1e622425e5e67
data/raw/validation/healthy/healthy_val.37.jpg,validation,2,b2c0c415c2b686ec3170e7b23f9ff41c594ff8a374e4e62b0aba5dfa25aea2a1
data/raw/validation/healthy/healthy_val.38.jpg,validation,2,da68ea4a62cf4e4f69d46fbc9c9ee0536bcbee627cb1112addae78a9b5241353
data/raw/validation/healthy/healthy_val.39.jpg,validation,2,a980cd2041df52f531f0fe155cf23805433e25312cf80ed8a99e296d7f0de18c
data/raw/validation/healthy/healthy_val.4.jpg,validation,2,fc05ebe4ac45686b76b4e8dbbc9b0dda417afa5e44d9b19013f4c5465c4c8097
data/raw/validation/healthy/healthy_val.40.jpg,validation,2,2cf241de7d0c9f71b1ade9933f53743c473c22dc0c26e5ebfb149ca53a8ee7bf
data/raw/validation/healthy/healthy_val.41.jpg,validation,2,6e386223be864efd6fb379ddda356892d10adf330af36ed726ba6fae3ab9cef3
data/raw/validation/healthy/healthy_val.42.jpg,validation,2,def631c5b7e73842e4dc1adebbf0973874f9cb285832cb84d46bdf3878d8d871
data/raw/validation/healthy/healthy_val.43.jpg,validation,2,793502afd08e144743385dbe8ad0f9ac44f83a82aa230a9efd6324e2529630c9
data/raw/validation/healthy/healthy_val.5.jpg,validation,2,ff562c9e34ba96048850eb32f8b2769a52f3da5f737c500e96b8b69d78b5209d
data/raw/validation/healthy/healthy_val.6.jpg,validation,2,d87184ced87bb8f3ea423c650e698a9d3d9546e2e54cc827ee7a2f6b2e155daa
data/raw/validation/healthy/healthy_val.7.jpg,validation,2,d01062040fc7851a7be4ad8f9cecab625312d18cc58789f56e8e908cb0d2ba82
data/raw/validation/healthy/healthy_val.8.jpg,validation,2,dc2dd171aa4fcf9cbaf63386e6ba15d719326c947bb2325379e1d0b3d99e3c86
data/raw/validation/healthy/healthy_val.9.jpg,validation,2,e05df057357c57eda9f6fce6e4cce96c056d32d5357b76a4a68072343300d525
data/raw/train/angular_leaf_spot/angular_leaf_spot_train.0.jpg,train,0,52d989fdd9d9c113169cdb18484b67b41a6252390fb17c3e40d535a333bb8853
data/raw/train/angular_leaf_spot/angular_leaf_spot_train.1.jpg,train,0,f1d5bb63455846aa9e06e5436479cee6a78b1e8029816785d3c59bf7f4472f81
data/raw/train/angular_leaf_spot/angular_leaf_spot_train.10.jpg,train,0,78f2a03fb4adf884f1c4b5ed16ca98c4ced36ebd9a72bf5ee25c1f5d90a1dbbc
data/raw/train/angular_leaf_spot/angular_leaf_spot_train.100.jpg,train,0,717b66a5b28da95f0acb7eebcfae1127da7c7cc04db6f8ac35f567f46e273cad
data/raw/train/angular_leaf_spot/angular_leaf_spot_train.101.jpg,train,0,4e272786251b1d8b4e06613a293a8762990bab5e3eb572dc6a5c568aafa2c1c2
data/raw/train/angular_leaf_spot/angular_leaf_spot_train.102.jpg,train,0,9491b36043d18ccf7961f82b033e1b50a43f6a61db303f8070e3eda4561cc9c5
data/raw/train/angular_leaf_spot/angular_leaf_spot_train.103.jpg,train,0,c94afd93e62105c4847d045b4fbeef05906594ebfea1df19e3542800be66fb48
data/raw/train/angular_leaf_spot/angular_leaf_spot_train.104.jpg,train,0,8a2ce8070c438981ad05415e4bab13a7d590f93e5dc4c0b88ffd4ff50bb7618f
data/raw/train/angular_leaf_spot/angular_leaf_spot_train.105.jpg,train,0,124a292fe7517173274b1f4ff06c72851de5e9a74d454291abdf6e0299b867a1
data/raw/train/angular_leaf_spot/angular_leaf_spot_train.106.jpg,train,0,d60450cce08261fb1e721c48b9a5f7555f773e0be7682225ea82c10f3751cbe5
data/raw/train/angular_leaf_spot/angular_leaf_spot_train.107.jpg,train,0,01e28896e7162aaa2ce85219b11b5b218d28d64c91c93ce1ec889f003bfa2312
data/raw/train/angular_leaf_spot/angular_leaf_spot_train.108.jpg,train,0,dd5223a09e520d87d2378d067729856cff6ade188f0857f4d7b26c583a03ec19
data/raw/train/angular_leaf_spot/angular_leaf_spot_train.109.jpg,train,0,37d8e74ce32cefc645cc1660bb473aaa2eaa34d4d2fdc6fb599fbf177b3f95db
data/raw/train/angular_leaf_spot/angular_leaf_spot_train.11.jpg,train,0,13f0ac81bf8f7308d94b63a4afe6626f75442d3cefa7ae64b77ff3257ea0447e
data/raw/train/angular_leaf_spot/angular_leaf_spot_train.110.jpg,train,0,679f161e7cf78d216b03a96a78e34db709e88674f112f0af574c84fc14f9f62c
data/raw/train/angular_leaf_spot/angular_leaf_spot_train.111.jpg,train,0,d08fdd8aba10e60d32bf7e848ef5a2edb1759a56e69f1d3a4f5cee8ed7f64441
data/raw/train/angular_leaf_spot/angular_leaf_spot_train.112.jpg,train,0,0cb8db98f0680ec99c1be0ae321a389c32444028c7cc33cab62722436290d588
data/raw/train/angular_leaf_spot/angular_leaf_spot_train.113.jpg,train,0,203800e92bd1faf2a0920d47597db8cdd77a032a61c4b22fa1da5fc93b832d2c
data/raw/train/angular_leaf_spot/angular_leaf_spot_train.114.jpg,train,0,4d4cf50a92bf510307706786d2904deaa330233aec024612cbf37d364b6cc758
data/raw/train/angular_leaf_spot/angular_leaf_spot_train.115.jpg,train,0,1f211c776e7791fe83a942a85219b0b6dfb1505c496b4c60283fc3c7cb634984
data/raw/train/angular_leaf_spot/angular_leaf_spot_train.116.jpg,train,0,4d49eca80bdbe8ac8ca62d577be2ef50eb4229dda5c7d69e0330a8f7e180360f
data/raw/train/angular_leaf_spot/angular_leaf_spot_train.117.jpg,train,0,f308dfcb95f7069c016e928b919feb77a4cf275b5f56b89eb042ecb8ebce7582
data/raw/train/angular_leaf_spot/angular_leaf_spot_train.118.jpg,train,0,b73870dd62e2a65fe14df28af6a5519c96cd3118a0ce51812d10cc64d0e9eb22
data/raw/train/angular_leaf_spot/angular_leaf_spot_train.119.jpg,train,0,241d510213eb60a6d1b58fda87e4206239893763a76e4a51685e1b6c96321c35
data/raw/train/angular_leaf_spot/angular_leaf_spot_train.12.jpg,train,0,414d29217918445ff954ddbed5ffb3c9ad2b0e7110645427598f1cf6541ccf25
data/raw/train/angular_leaf_spot/angular_leaf_spot_train.120.jpg,train,0,35179fdbd9373ef721c0bbc7878d543f528652ca4838a2716d45b011d94ce6ae
data/raw/train/angular_leaf_spot/angular_leaf_spot_train.121.jpg,train,0,9e1cee62b88bf1d8169914ec54ae990c983cd9dd7c9192e25cf2cb9dd9a5d545
data/raw/train/angular_leaf_spot/angular_leaf_spot_train.122.jpg,train,0,9e96d18b938d9fad602af36ea348ec9fd47ef6abb15da8e4cf35face9e377dcb
data/raw/train/angular_leaf_spot/angular_leaf_spot_train.123.jpg,train,0,34484cde733596f6efa9670de2a39c70ecff07b47681c5ec0fca685de1a185c9
data/raw/train/angular_leaf_spot/angular_leaf_spot_train.124.jpg,train,0,c39480dcf2ef3436c6f6cf490913a5b9117b0a4193af0e4503c618a7d654d315
data/raw/train/angular_leaf_spot/angular_leaf_spot_train.125.jpg,train,0,6754b394d140518a5bd6ad9d59891abf036e9f87c80a758562f5aba26b754650
data/raw/train/angular_leaf_spot/angular_leaf_spot_train.126.jpg,train,0,cddc63fe58590f2464b8793d49852547ce1464ee14240cfad7ae9da59e1d220e
data/raw/train/angular_leaf_spot/angular_leaf_spot_train.127.jpg,train,0,7fc6fe8aaf500420003477dea568837d4079500c2ab5a30af6ccd68d08d5c672
data/raw/train/angular_leaf_spot/angular_leaf_spot_train.128.jpg,train,0,599164a713fe9b71d4fe40a85aeecfe8c1d92e005cbd0943efba429971376c5d
data/raw/train/angular_leaf_spot/angular_leaf_spot_train.129.jpg,train,0,31978d03455ec154f250b0d751da50b68a0dc162aaa05150c3b0146d65bc76aa
data/raw/train/angular_leaf_spot/angular_leaf_spot_train.13.jpg,train,0,60bdc8ed68b41f04b88608eeb64bd5ce79348671a2d9d7c14f64c34c8f0eb8cb
data/raw/train/angular_leaf_spot/angular_leaf_spot_train.130.jpg,train,0,774a1bf70c9f4694d13b838bc08ebd47376020cd26c4258b7d11d1d317461bd6
data/raw/train/angular_leaf_spot/angular_leaf_spot_train.131.jpg,train,0,fbf043ee12fac3e78cfd512b6207feb0985016ed66c73ffcff5d1fd96116e86d
data/raw/train/angular_leaf_spot/angular_leaf_spot_train.132.jpg,train,0,1a6a724afc7685e665c0d65719c8bbf560bf2bf9c4645c1af1e62fdc104976b8
data/raw/train/angular_leaf_spot/angular_leaf_spot_train.133.jpg,train,0,f18c6244509df70957dc44fc26d006b0bc45d2263f0a69a774f7e75452b9df03
data/raw/train/angular_leaf_spot/angular_leaf_spot_train.134.jpg,train,0,98aa02d9a9aa9480917c64c10e9ea5fbec11f1d8edc4f31e72a3a0e75cbe035a
data/raw/train/angular_leaf_spot/angular_leaf_spot_train.135.jpg,train,0,29763787dbf11267e7635e311ee08aa33f6c9cb64f4901f28064f882bd3f9013
data/raw/train/angular_leaf_spot/angular_leaf_spot_train.136.jpg,train,0,37e1bd2cb5341a5f232c478f3a19bbdc88ae646c5e503bdd7042f408e99cfcbb
data/raw/train/angular_leaf_spot/angular_leaf_spot_train.137.jpg,train,0,fdb54f5b6d5116bf6f72735e58c24231584bb0718c0a2fe279e77e2b6ea18f53
data/raw/train/angular_leaf_spot/angular_leaf_spot_train.138.jpg,train,0,811013a895ea1668bac64927b52eab7c855cc922bcffd4a79377caf1c49be509
data/raw/train/angular_leaf_spot/angular_leaf_spot_train.139.jpg,train,0,9975e047d704cc6de6887116f352f37b45e598f0dfae701a49c95854519392de
data/raw/train/angular_leaf_spot/angular_leaf_spot_train.14.jpg,train,0,8b7272c5b63cf9fbdc8e70a4675bcc91a914ad7c3a239c73e7c9e77a3660c3fc
data/raw/train/angular_leaf_spot/angular_leaf_spot_train.140.jpg,train,0,08dc92658ca06d2d84f59f81a1978fdc5a4399fbefb225c92642222cd5a76e26
data/raw/train/angular_leaf_spot/angular_leaf_spot_train.141.jpg,train,0,23fd9dad7b7101481824f5bc6942356701b203ab107641d0bd78ab57591409a1
data/raw/train/angular_leaf_spot/angular_leaf_spot_train.142.jpg,train,0,053b3678dae5f4b9437cb75ec1ea8f81d30db8cd2672875514010c3c1b56c56d
data/raw/train/angular_leaf_spot/angular_leaf_spot_train.143.jpg,train,0,8099e9d65cc89e1387f11c3318e1511254dc01b974ef96bc24beff63b6d64151
data/raw/train/angular_leaf_spot/angular_leaf_spot_train.144.jpg,train,0,f69eb48cd337400475c1f27b77b8e32f5833223de2389a958b561f658034e7a0
data/raw/train/angular_leaf_spot/angular_leaf_spot_train.145.jpg,train,0,253e9359a456be15f4632185cba7f912b8e59f7ff2151d49160f01684d7f4963
data/raw/train/angular_leaf_spot/angular_leaf_spot_train.146.jpg,train,0,96f67f04521399d4180c7b62e3208d3bd8dcec419fb3686e34608d7bab7092db
data/raw/train/angular_leaf_spot/angular_leaf_spot_train.147.jpg,train,0,1577ca98610122d7f9b8884955560546292a41df2eeeab804eb431145230ae98
data/raw/train/angular_leaf_spot/angular_leaf_spot_train.148.jpg,train,0,b2d2f67172c504ea891c0a41569b7337a548caa1786625e4d70623ac1b8a91c0
data/raw/train/angular_leaf_spot/angular_leaf_spot_train.149.jpg,train,0,bc091e670956f64fb5dc0f493335b3d9af3c7206c6ae0ac9568f6f290c498c4c
data/raw/train/angular_leaf_spot/angular_leaf_spot_train.15.jpg,train,0,37177fc7b53ba996fa56e4b316f920169a7578a8495204ca0c52206b0c6c555b
data/raw/train/angular_leaf_spot/angular_leaf_spot_train.150.jpg,train,0,f35e968b9b95a2d3eaac1abf45108f220c448c0101d832c0b64d1e0c3d16cdbe
data/raw/train/angular_leaf_spot/angular_leaf_spot_train.151.jpg,train,0,808537f96b8c63cd62749e0def4dadbdf96917b9da9ecb15717b22e414336122
data/raw/train/angular_leaf_spot/angular_leaf_spot_train.152.jpg,train,0,a1faa223558fadbc6e211cdccb7949f754e64f2fab1d6284df16ee4e57714f14
data/raw/train/angular_leaf_spot/angular_leaf_spot_train.153.jpg,train,0,5c3db43883a34dc13c90c81991c2c32308b4b4917c3d8b6311186132510ad633
data/raw/train/angular_leaf_spot/angular_leaf_spot_train.154.jpg,train,0,be67cebb7685fbaa196da18d6552a6d4c0409b26ba633ab7f92f023310a5635c
data/raw/train/angular_leaf_spot/angular_leaf_spot_train.155.jpg,train,0,7147f3a32765650ca7807c4e48fc369abe30f1a24f257e12b465ae6a2701bbc7
data/raw/train/angular_leaf_spot/angular_leaf_spot_train.156.jpg,train,0,a067e548d3e9861cf152c4d045a22f5ffd808511a48b03103ef5454acdc1bced
data/raw/train/angular_leaf_spot/angular_leaf_spot_train.157.jpg,train,0,1b059b45ddc0d7357ed140a7c9f680a8df94edf5c58c6922cd7d228035005110
data/raw/train/angular_leaf_spot/angular_leaf_spot_train.158.jpg,train,0,a9d21563b971eb0cb7361a5c9824456a73b310f92b0c64476a998aa77941f9c5
data/raw/train/angular_leaf_spot/angular_leaf_spot_train.159.jpg,train,0,b0a5412c3f66e2740575d8fcf91aa3c9a5c073c4e9158923132c3ec83cb2b7be
data/raw/train/angular_leaf_spot/angular_leaf_spot_train.16.jpg,train,0,c83f7ebbc700932095a46744afb8d1cd45a3a670b1a5df8cd58f9ae540e13fef
data/raw/train/angular_leaf_spot/angular_leaf_spot_train.160.jpg,train,0,06d4da56b3438e03217e42791684c7d09e0923f785a8ef5422858fe223693e13
data/raw/train/angular_leaf_spot/angular_leaf_spot_train.161.jpg,train,0,bc40f699b726e81a6dc122d91b3d65aef474093e33b38cc0c091190559285f34
data/raw/train/angular_leaf_spot/angular_leaf_spot_train.162.jpg,train,0,beaf9e33911f1d54dc49f316f6545c7abe99652451babf0b43db6f1ed63dd498
data/raw/train/angular_leaf_spot/angular_leaf_spot_train.163.jpg,train,0,8b13bbbfe8d3b4cb8616da5904e2d66a8d1c2fde3c29e76721f158c1e42bf79b
data/raw/train/angular_leaf_spot/angular_leaf_spot_train.164.jpg,train,0,26a3cab8cfdf4613ee0755eeaf35ac6e3d4b78514bc46f84d7396c0331356817
data/raw/train/angular_leaf_spot/angular_leaf_spot_train.165.jpg,train,0,5b1fdf3323e79fc530fe0bdf46b6b8f10b67561d4e5ac77e0cb7b3fc28c529ce
data/raw/train/angular_leaf_spot/angular_leaf_spot_train.166.jpg,train,0,7cd12ddd214aaf904ceaa33f29bae4c880389f7930db067c1e43c78c0ea1d90d
data/raw/train/angular_leaf_spot/angular_leaf_spot_train.167.jpg,train,0,46ee850e346381d75fc550576a317849bf97a7ce8bfb56635cf5d909bc4c2d32
data/raw/train/angular_leaf_spot/angular_leaf_spot_train.168.jpg,train,0,a6805f751332cc8ddcacf931d94fed818e46635e124f0866cd52cf89ef61a5dc
data/raw/train/angular_leaf_spot/angular_leaf_spot_train.169.jpg,train,0,047356615330d135b0bea7010bde6a9c0642230483506f2b97964a388350ad33
data/raw/train/angular_leaf_spot/angular_leaf_spot_train.17.jpg,train,0,ba2f4561225dc386aa5fa1f03a953f12aece7fb52d76b4f315699c66ea064ae4
data/raw/train/angular_leaf_spot/angular_leaf_spot_train.170.jpg,train,0,4f3576e1d4556f0998502f8a3d2054126b6f1c5d862b8337d7f106d895159e45
data/raw/train/angular_leaf_spot/angular_leaf_spot_train.171.jpg,train,0,391f25245ff797102985cd6b5555e717a2f1d1fb19d0b94d91efa5821e98093d
data/raw/train/angular_leaf_spot/angular_leaf_spot_train.172.jpg,train,0,569d5678235b684269c6242a9eb9723dba3ba539fc0cc03310878dd3a811879c
data/raw/train/angular_leaf_spot/angular_leaf_spot_train.173.jpg,train,0,6ae3c07aae70cc3f395e00b67b8c794b54fcd31b987ca327a224f9d0ee0c0449
data/raw/train/angular_leaf_spot/angular_leaf_spot_train.174.jpg,train,0,c1f262286bbc8b79beb70d1326b5cc2b07b9841d7bc451b8221154ac28894ee8
data/raw/train/angular_leaf_spot/angular_leaf_spot_train.175.jpg,train,0,0827939a43246d5ffc7caf01ddbca31619478e53700d1fff792f99d54a279730
data/raw/train/angular_leaf_spot/angular_leaf_spot_train.176.jpg,train,0,b08299c86215b1783add9ff65d284b82529b68f36f8306f8b6d1f48fc438ddcf
data/raw/train/angular_leaf_spot/angular_leaf_spot_train.177.jpg,train,0,dd74cc3efc39c619b615bffb732b107bbf2f0216dfcc31649182f3a7053a58e9
data/raw/train/angular_leaf_spot/angular_leaf_spot_train.178.jpg,train,0,c875bc46f7493ddaf1c21fd104d07e1786f97d79ab303aed6e93cc073c6be73f
data/raw/train/angular_leaf_spot/angular_leaf_spot_train.179.jpg,train,0,23e8dfda283c892af4de1de8cd73ade52a4d04eea2e7e2783542f2509df3fc50
data/raw/train/angular_leaf_spot/angular_leaf_spot_train.18.jpg,train,0,b1a416ea3f9890d7ed883cc3e76d5375152f328f2c710077a69312f5c2ed4659
data/raw/train/angular_leaf_spot/angular_leaf_spot_train.180.jpg,train,0,8e94d97fc8b98623bab727b2ba33ee4d989f75435703c2994c15c91bb30415eb
data/raw/train/angular_leaf_spot/angular_leaf_spot_train.181.jpg,train,0,0a0fd11ed2fb8d9a594910452743a3081555a8130091ec2bee111d607ad8d6aa
data/raw/train/angular_leaf_spot/angular_leaf_spot_train.182.jpg,train,0,06190d46db9a777fa9a17390aeb1f1124dae34fc4b40a20c62680c0a97291881
data/raw/train/angular_leaf_spot/angular_leaf_spot_train.183.jpg,train,0,17e2606e796ed4ad97cf3cdde30a191180196ac9c633242da1926f122929e9f9
data/raw/train/angular_leaf_spot/angular_leaf_spot_train.184.jpg,train,0,10987ed6323a9ac4e967ee6a2170524fdf748ce19de81a3a4f2e194ac465c283
data/raw/train/angular_leaf_spot/angular_leaf_spot_train.185.jpg,train,0,6bf5eb395a6865d6a2556743c432470408557cedbc353147b158de7b560764cf
data/raw/train/angular_leaf_spot/angular_leaf_spot_train.186.jpg,train,0,2b0a0e0d8ecfa0c963815a7f485cd3e886065e3e39d3812e606d8fa94dade2cb
data/raw/train/angular_leaf_spot/angular_leaf_spot_train.187.jpg,train,0,7c7a7256f68a9ba98c594303d75826da9d3e992ea98c0203774adae59d538183
data/raw/train/angular_leaf_spot/angular_leaf_spot_train.188.jpg,train,0,2e23f3e08ce854eda432fa9d5c393cb4b0c04d6d1e5423a6bec34ae74ce703fe
data/raw/train/angular_leaf_spot/angular_leaf_spot_train.189.jpg,train,0,6bef9043b2328e0380596ef7ad3e644304abfa425cde64a3bce12201420a174e
data/raw/train/angular_leaf_spot/angular_leaf_spot_train.19.jpg,train,0,9880ecca2fddb0961dae4384506c0c8cd5c0958b1337b29bc3edb5be50064280
data/raw/train/angular_leaf_spot/angular_leaf_spot_train.190.jpg,train,0,bd49fc78f035fbe7a5a7be39227bb6b367cbcc106ebced4da7fcf336e96a2f57
data/raw/train/angular_leaf_spot/angular_leaf_spot_train.191.jpg,train,0,7a718f0343c472402eb8510b5f30c004e73118444152e52c40a1f3336b436302
data/raw/train/angular_leaf_spot/angular_leaf_spot_train.192.jpg,train,0,e731d98625591a2e33bf0ee3a6a307a6e788335dbba8c5f1f30a16d043270902
data/raw/train/angular_leaf_spot/angular_leaf_spot_train.193.jpg,train,0,18b9d0ed94bd01b592fc34e171e458e01dd2e2aebdc4f4bfc5c6c3093094358d
data/raw/train/angular_leaf_spot/angular_leaf_spot_train.194.jpg,train,0,445d9d1c3cc021b52984bdc9b4d43e9a7202a5a88763441273cb6ee5dcff8194
data/raw/train/angular_leaf_spot/angular_leaf_spot_train.195.jpg,train,0,f7dc19e49baec42d1dcb5c54447e6c4fc7c97b8bcf80f37263284ceb1f64c49c
data/raw/train/angular_leaf_spot/angular_leaf_spot_train.196.jpg,train,0,e28681ff7de8e5fceb3f9c8d4970549f2e99bcc93181591ca9789ec2f40cc815
data/raw/train/angular_leaf_spot/angular_leaf_spot_train.197.jpg,train,0,37539988eebb8f89003cac4a42ed02b21d526b72c2179eb4d3fac8cdd87f113e
data/raw/train/angular_leaf_spot/angular_leaf_spot_train.198.jpg,train,0,effe5b723f42422862f61a4fbb49504e109325f9c2c84e3834ef618238265ad5
data/raw/train/angular_leaf_spot/angular_leaf_spot_train.199.jpg,train,0,c5a984488c3a549792a3cb6b014a88c347ae8634f16b9d10a58e216a986fcdeb
data/raw/train/angular_leaf_spot/angular_leaf_spot_train.2.jpg,train,0,c5563b382666ef584c4b0e13891b847a7c827f5fe4d0db363386141adc487b94
data/raw/train/angular_leaf_spot/angular_leaf_spot_train.20.jpg,train,0,c1ca20d98bcc3a598a55514dedb15d316097955bea981dbabe29aedb02c63dd1
data/raw/train/angular_leaf_spot/angular_leaf_spot_train.200.jpg,train,0,fcc980aa4c5675d57204c7d1184a7d0a8379e94e4423c7e2cdecd0e4c475eb9b
data/raw/train/angular_leaf_spot/angular_leaf_spot_train.201.jpg,train,0,8dddab4ef70f3f4bb2f82fe6925ab45f301ade974e14136a79935963e495d0ca
data/raw/train/angular_leaf_spot/angular_leaf_spot_train.202.jpg,train,0,0081d2266545dea5b4d2ca52a02dfdbd57df0df97054cb76a2a972f0f591d3ef
data/raw/train/angular_leaf_spot/angular_leaf_spot_train.203.jpg,train,0,c9023f621e3070abe57a5a6bffeda0bf816cee3c6db8effa4a2146089df47c1d
data/raw/train/angular_leaf_spot/angular_leaf_spot_train.204.jpg,train,0,88e1850ef7cfafcae30611ac73a91702663281f9579edc0ff4c5c39a5b1f4797
data/raw/train/angular_leaf_spot/angular_leaf_spot_train.205.jpg,train,0,fd0c2ad142d5ec1be062f912a5f7971fc235dd8dce656b05e0669e2837b6cbad
data/raw/train/angular_leaf_spot/angular_leaf_spot_train.206.jpg,train,0,a06e943e465f8cee319b3efc63d08281d96c7eae2d0062a3520e2284fb01caf4
data/raw/train/angular_leaf_spot/angular_leaf_spot_train.207.jpg,train,0,65b3a7d0dceae5664a107149d5f993128e3661aae2d24e53f14524858d0824d2
data/raw/train/angular_leaf_spot/angular_leaf_spot_train.208.jpg,train,0,fc175dccf05b482be9d2739da77f5185398f4c76425544d821ac71e344e6fcd1
data/raw/train/angular_leaf_spot/angular_leaf_spot_train.209.jpg,train,0,f1ac7f8009cc5a6d9a50af8d06a9eada21f2dda61cfb0c6004b33b1eb1cfefd9
data/raw/train/angular_leaf_spot/angular_leaf_spot_train.21.jpg,train,0,5aa8d4589f5466e6627955de625a1e5f113f4d27ddf3c7e5c7f0ab8ef008147d
data/raw/train/angular_leaf_spot/angular_leaf_spot_train.210.jpg,train,0,def8b8eb343dc8550687542a187e0fa3b4ccb59823433243ad69066f942244de
data/raw/train/angular_leaf_spot/angular_leaf_spot_train.211.jpg,train,0,ec25292b6b4bcb761f965c64ba6eea7949834b99defb7143368b4a851a079bef
data/raw/train/angular_leaf_spot/angular_leaf_spot_train.212.jpg,train,0,c5ce483320f54cf8ec7b3225040f840de139bfd7ae03f00951002694a4847eb7
data/raw/train/angular_leaf_spot/angular_leaf_spot_train.213.jpg,train,0,39ebe4be1e955fc156d799a53c0d1410bcf583514c7abe8621f2ef2a1bc80c55
data/raw/train/angular_leaf_spot/angular_leaf_spot_train.214.jpg,train,0,ef2d66b38e75985c68e6d8ec6a6f033430785c71a39ff0ac3078406aba73d0e1
data/raw/train/angular_leaf_spot/angular_leaf_spot_train.215.jpg,train,0,b62d2e1db52467b2357515d995ddf2b48d8e82a073896ef579dec9f4d9b97f5d
data/raw/train/angular_leaf_spot/angular_leaf_spot_train.216.jpg,train,0,3bee7277482f94d12c4df5708efd9a571f7bbe9898a5b9dbd6a0f8e02a27025d
data/raw/train/angular_leaf_spot/angular_leaf_spot_train.217.jpg,train,0,d10a23344c368b1034b4c7c4b9bc29719abcf459ce3433fbb438415a2efff11b
data/raw/train/angular_leaf_spot/angular_leaf_spot_train.218.jpg,train,0,05678e1921422db5f55f90a58d1375fd5512f28e917d3e8356a3d72dbe62846d
data/raw/train/angular_leaf_spot/angular_leaf_spot_train.219.jpg,train,0,8a5446a633f93accac82757c74bafe9f87580a406b8d40aaee05899193a18533
data/raw/train/angular_leaf_spot/angular_leaf_spot_train.22.jpg,train,0,4d11bf96ca916c237f11dd8bcb7a2c4dc1ad6ef075525b09c5d144c3ead38bbc
data/raw/train/angular_leaf_spot/angular_leaf_spot_train.220.jpg,train,0,604c10c3df5616e91ef356ba3ab1e993141efd216052cbcd681d63c544a3bb4c
data/raw/train/angular_leaf_spot/angular_leaf_spot_train.221.jpg,train,0,d001fa2e580b8ec26a498fc0c0455043232a43697af1d36377aba1617bebad0c
data/raw/train/angular_leaf_spot/angular_leaf_spot_train.222.jpg,train,0,6e870c38d4009354e3cd55741cc3bad19130748cdce82802a9be46dedf5705fb
data/raw/train/angular_leaf_spot/angular_leaf_spot_train.223.jpg,train,0,00aecc53ad1bd0db35c6298c7ca2deea61c892b98066df242102a558ffaa151f
data/raw/train/angular_leaf_spot/angular_leaf_spot_train.224.jpg,train,0,57a7fa66fb7970797a922466b30077f65649bba55295ab4a1b9eaf9fb81f378d
data/raw/train/angular_leaf_spot/angular_leaf_spot_train.225.jpg,train,0,ec9f0e2b625b48ee47bea7df6a2c11af56ca8fe11271d56b4cb4d0b5755da330
data/raw/train/angular_leaf_spot/angular_leaf_spot_train.226.jpg,train,0,68a53118d59fd8fdbe788a37ec67c8d8af944df6238b8a1694e7c292fef6495a
data/raw/train/angular_leaf_spot/angular_leaf_spot_train.227.jpg,train,0,f4745939c7b9d0b08ae885a6c6e1d57ab7c0196c0b71f43d5345b32182f212dc
data/raw/train/angular_leaf_spot/angular_leaf_spot_train.228.jpg,train,0,fb54c576cda2d634594960d73630378b5a1559feca01b4aeee3cfca09259f17c
data/raw/train/angular_leaf_spot/angular_leaf_spot_train.229.jpg,train,0,71cc6b4d5f5f71d1c4259a49aa6e5c46474a62c594f28f849472211d6a3a1b0a
data/raw/train/angular_leaf_spot/angular_leaf_spot_train.23.jpg,train,0,3db1c38922472e7e6f9b71a7b05b08a91946fe842b1b2bdb21db90de037cc877
data/raw/train/angular_leaf_spot/angular_leaf_spot_train.230.jpg,train,0,d81bcb12fe05cf9a7add49ca5bc2898f816f5f9ff36eeccd1b898f3cc65fa42c
data/raw/train/angular_leaf_spot/angular_leaf_spot_train.231.jpg,train,0,285ad5f38b38d1e03dd46cf3ee1a88567cc73d5cddb68fc14527c1aeac32070a
data/raw/train/angular_leaf_spot/angular_leaf_spot_train.232.jpg,train,0,ca84035140981794489eeaeefec9ea79d0bad7ccfaa2dccae833c12fe1f754fc
data/raw/train/angular_leaf_spot/angular_leaf_spot_train.233.jpg,train,0,640e2bcc3cb9833bb38be3ba5c9dbd01f79c9b34a407244ea3616e9146d3fa7d
data/raw/train/angular_leaf_spot/angular_leaf_spot_train.234.jpg,train,0,2ac7a5a1a7a53205a1b114c8b6d45e4c64e1355b3a0140d3ae58f14b9ca1a13d
data/raw/train/angular_leaf_spot/angular_leaf_spot_train.235.jpg,train,0,38e9e0d74d24b67abc6e1af5ba21b916e061da72535a28e0d66090705a8fb9b8
data/raw/train/angular_leaf_spot/angular_leaf_spot_train.236.jpg,train,0,e3b870c8c09ac72670aa6f7a0f66353cd6de1b6a0935ae5fc44206008bbdaf9e
data/raw/train/angular_leaf_spot/angular_leaf_spot_train.237.jpg,train,0,37718437ef5962eb1725d0443ce17e9170cc562892ef5b9affc31aa94d6f76b1
data/raw/train/angular_leaf_spot/angular_leaf_spot_train.238.jpg,train,0,24589d540fa17490e9dbcbee85ec83a314c4e945f12ea98683f6fe4b0c7cf713
data/raw/train/angular_leaf_spot/angular_leaf_spot_train.239.jpg,train,0,b3478fa210440e9f0b896c5827e4ec02e91e5c7d7668ee7368dc13b43eb0ac43
data/raw/train/angular_leaf_spot/angular_leaf_spot_train.24.jpg,train,0,20377535064fc16b76ac3f4872403f7803d1001845242461f70ab9842ceddfc0
data/raw/train/angular_leaf_spot/angular_leaf_spot_train.240.jpg,train,0,f2b72a8be054220c55f932517f18641bec25fab0bc929b04ad359e9387ae9245
data/raw/train/angular_leaf_spot/angular_leaf_spot_train.241.jpg,train,0,571b4e2f49c06c8937020177f19538f9f4508e855a28187afc83374ebc1809e8
data/raw/train/angular_leaf_spot/angular_leaf_spot_train.242.jpg,train,0,9fa2a965297930d4c50757e43c1fae521966405e2c9051cea7e4854d2a36cc66
data/raw/train/angular_leaf_spot/angular_leaf_spot_train.243.jpg,train,0,56a3d0d273273cc036e57a2082110d9ba72f67f2880090c1a0fdf1952b672cab
data/raw/train/angular_leaf_spot/angular_leaf_spot_train.244.jpg,train,0,425b20489db75ba4cafede163d2e436b17bd9630d89b99d8988a34f7a59cc789
data/raw/train/angular_leaf_spot/angular_leaf_spot_train.245.jpg,train,0,05ac4ff44ffe5445b2d947bd8a7db38ef662ffb2f9e3df53c5626d11c0edb8eb
data/raw/train/angular_leaf_spot/angular_leaf_spot_train.246.jpg,train,0,622ef9012b9ebfc2369ec171ab805f135a29212c8441918ca4eafa2575f0f12d
data/raw/train/angular_leaf_spot/angular_leaf_spot_train.247.jpg,train,0,c27f25bb1e032a63ad8e13f5a8a8a52904bbf2afce3d33cfcd54db00eee8ed5f
data/raw/train/angular_leaf_spot/angular_leaf_spot_train.248.jpg,train,0,599679eaedb62edb62741451dd7bdd6f1983432e639358eeac6e40e51f3195bf
data/raw/train/angular_leaf_spot/angular_leaf_spot_train.249.jpg,train,0,3ecc9d20b945daf9d86bb49cfc258e81cbf63bf7da18d9364bf4647235be7163
data/raw/train/angular_leaf_spot/angular_leaf_spot_train.25.jpg,train,0,0572dcdb49ea3c0ba54c5d816f898ffef2e051a95e94effb023641afa3056122
data/raw/train/angular_leaf_spot/angular_leaf_spot_train.250.jpg,train,0,f9c5aa0de271d43eaa75096818d4b70bc05c96c80c8cf05675331393d1458b58
data/raw/train/angular_leaf_spot/angular_leaf_spot_train.251.jpg,train,0,5e6d792d9728cde25ac42b17e597425f32c83a1703ebe1170612ae81d270a557
data/raw/train/angular_leaf_spot/angular_leaf_spot_train.252.jpg,train,0,f78a13f7dfa8f711411befec81df841b5234a5b7b8d56d5d81c4dd2ad112ef2f
data/raw/train/angular_leaf_spot/angular_leaf_spot_train.253.jpg,train,0,0e53513482ce0d376fd9f7d80a934e1a9d876c87a94f37b4d56af4b072be683b
data/raw/train/angular_leaf_spot/angular_leaf_spot_train.254.jpg,train,0,6f07f2530223a230ccfa115694cf2c05a0e2866683250a3f58397cc874a9f8c5
data/raw/train/angular_leaf_spot/angular_leaf_spot_train.255.jpg,train,0,70aba91d38d771b9e3dd266a4422653ad0930dfc58bfeb7c29eeb1be6632b8d5
data/raw/train/angular_leaf_spot/angular_leaf_spot_train.256.jpg,train,0,b9945709e371dde11e455a55c9d3bb1713fb6c22917f3ef8c53eccb4f819875f
data/raw/train/angular_leaf_spot/angular_leaf_spot_train.257.jpg,train,0,57cdbbe2646bf8923481a54c175c8cf07e794aa3c89a5f26d4b003d141a3550d
data/raw/train/angular_leaf_spot/angular_leaf_spot_train.258.jpg,train,0,67281050218617de19354622c2d2506bc2e30b22aa842ca1c84db1bbe3452aa0
data/raw/train/angular_leaf_spot/angular_leaf_spot_train.259.jpg,train,0,4547f08869c4a2f081f1d58118c6ea1f888f3b9aea40c0f04e95dc6112cd949b
data/raw/train/angular_leaf_spot/angular_leaf_spot_train.26.jpg,train,0,d058c74ad3621fdd8a954a340898060ad3804aa244779b94f6d209a7ef3d4f8f
data/raw/train/angular_leaf_spot/angular_leaf_spot_train.260.jpg,train,0,a9b2c5aaa2c87e67da66f54c00e24a88d5a295a2b4a371db33c11c53c0a77153
data/raw/train/angular_leaf_spot/angular_leaf_spot_train.261.jpg,train,0,0687825e12056c863eb98cd50fea8c9f7da5c7d038533c96d4aa6444bcdb84e5
data/raw/train/angular_leaf_spot/angular_leaf_spot_train.262.jpg,train,0,553fca31a67b1d92188c4e2c57ee26dc0f019fd9c1f500371e0ae52b3b15223f
data/raw/train/angular_leaf_spot/angular_leaf_spot_train.263.jpg,train,0,b0b38c979d39c97ca2b85732e3ac233b7f5a44d00e2d93ad98c9bbaad9a25c1f
data/raw/train/angular_leaf_spot/angular_leaf_spot_train.264.jpg,train,0,a66d74ef07b46053a9641f05d8e33dd08ceb6518c14171bf3c59e4bd17d1e87b
data/raw/train/angular_leaf_spot/angular_leaf_spot_train.265.jpg,train,0,bcb8d9b543db6e4bc2e44704d4fffea12bdf14f226cac6f201dd9c365d804fc8
data/raw/train/angular_leaf_spot/angular_leaf_spot_train.266.jpg,train,0,50375af50c1cc14559a68e64c9d58b0f9492b686a1c5c7dd0a65f3bb2cd8c000
data/raw/train/angular_leaf_spot/angular_leaf_spot_train.267.jpg,train,0,d71dd5ac4ed5603e562097b5753de2ebac80a042058aa5ffe05f0790c0370c89
data/raw/train/angular_leaf_spot/angular_leaf_spot_train.268.jpg,train,0,27d725c371e616c1a2ca05c441eb3714547a9695f457411a8fa025bc532885e4
data/raw/train/angular_leaf_spot/angular_leaf_spot_train.269.jpg,train,0,5b07f0f8f41f2967df6fd33c184de7d41fbfae98d74fbff5a3dbff39a5118182
data/raw/train/angular_leaf_spot/angular_leaf_spot_train.27.jpg,train,0,a9b6e020e742de2682dfdbbcfec3331529c64c60257a8469489fe2ee502f24c4
data/raw/train/angular_leaf_spot/angular_leaf_spot_train.270.jpg,train,0,ba6cd4db04373fb27637ea9745039b5e5054a89488b596b9232361d83c8dd7a2
data/raw/train/angular_leaf_spot/angular_leaf_spot_train.271.jpg,train,0,52d43fced9aad2bcef52aba281e7819ec53b488709f978c305fc5ccd59fae0f4
data/raw/train/angular_leaf_spot/angular_leaf_spot_train.272.jpg,train,0,947809a660af027f442e7f6650f42b62f19da9856abb98a271408fdc61262c6b
data/raw/train/angular_leaf_spot/angular_leaf_spot_train.273.jpg,train,0,49cfc9b4767463fe4eba735faf60cf8c29b802f34bb973322f8d667cb46840fd
data/raw/train/angular_leaf_spot/angular_leaf_spot_train.274.jpg,train,0,a83ab1f9b25e2b5fec8ff9c4b43b7988ff3e3ce3912ae63a222fd977e55cdaa5
data/raw/train/angular_leaf_spot/angular_leaf_spot_train.275.jpg,train,0,507087c186e4c1b6903bb98d6b5c531a392b3c2e71c11468b05ee7a41f1963f1
data/raw/train/angular_leaf_spot/angular_leaf_spot_train.276.jpg,train,0,6595cb05a9deffe2bce33621e2d84371bc374a75abc84b8ee672166e808f526b
data/raw/train/angular_leaf_spot/angular_leaf_spot_train.277.jpg,train,0,de48b6e1cd457edefea6cb0e2120543ee2fb46aee37dd0817708275c3b772f5d
data/raw/train/angular_leaf_spot/angular_leaf_spot_train.278.jpg,train,0,023491c60d40d34c7bf552259690ab00ad405587efc3c78e0dbd07f249c80389
data/raw/train/angular_leaf_spot/angular_leaf_spot_train.279.jpg,train,0,32e67a2ab88cd67e6d689fd4e5c8e87382d68bd22f7d9906364c108f4c5b2c5b
data/raw/train/angular_leaf_spot/angular_leaf_spot_train.28.jpg,train,0,ac993c139d6c3bf0e5395bf2f4c0e8b3f2a9993763ea76f73cdc7711b2686083
data/raw/train/angular_leaf_spot/angular_leaf_spot_train.280.jpg,train,0,800c76d592b005c5650f156c6a132d7a9269853726355df6c1b443065af85420
data/raw/train/angular_leaf_spot/angular_leaf_spot_train.281.jpg,train,0,cd30ce33eba222cceabfcbca5c299e70b6077130f693ed09b348b751569917d5
data/raw/train/angular_leaf_spot/angular_leaf_spot_train.282.jpg,train,0,a615515b1090fccdc873d072b2a2ebb2f89d5b2efc96b3e81015d2877311e9f0
data/raw/train/angular_leaf_spot/angular_leaf_spot_train.283.jpg,train,0,ecd7dae4eab4ab20924268b38fc99757c32367efa57ace97dc5d0d9885ab0562
data/raw/train/angular_leaf_spot/angular_leaf_spot_train.284.jpg,train,0,6af7536b6073f01f7d624f1a71c5752a7babcb3557cf6d449ef5368e01ebefbd
data/raw/train/angular_leaf_spot/angular_leaf_spot_train.285.jpg,train,0,ba8ab305a110266028d145f51d46d6562ed6e3ea97d0cda3da203bacaa94adb1
data/raw/train/angular_leaf_spot/angular_leaf_spot_train.286.jpg,train,0,36f7e1726972d97bbf7e9d6f555a75c3cb7a511e2814f9b8bbc8f57f16b34453
data/raw/train/angular_leaf_spot/angular_leaf_spot_train.287.jpg,train,0,bb6d96662a9c4ba3db566223b87e63eb771db11c706393a2b7fb441dff072345
data/raw/train/angular_leaf_spot/angular_leaf_spot_train.288.jpg,train,0,1e25b52433f60180398c9b6914759a6e0109a5af3e21dd284acb29358e0cee64
data/raw/train/angular_leaf_spot/angular_leaf_spot_train.289.jpg,train,0,f39e7c42211cdf54db3a1147f5d1766260dae6ad0e0f23ff46d80236c9f39bf4
data/raw/train/angular_leaf_spot/angular_leaf_spot_train.29.jpg,train,0,b137da5ba546d3123542fd60e5508536a401354a228cbc5d932b87497970955e
data/raw/train/angular_leaf_spot/angular_leaf_spot_train.290.jpg,train,0,bd55ab096f42fdf7043bacdb9d63a68be10f2bd2f8359d238e83347a2f4a23d9
data/raw/train/angular_leaf_spot/angular_leaf_spot_train.291.jpg,train,0,19ee000b8f397805028547bcf2911d38395d7f1d6ae70bc7dc40b7750f1949e2
data/raw/train/angular_leaf_spot/angular_leaf_spot_train.292.jpg,train,0,e6970c92e12e98863a0474499c9116b1b9545e870efc69e08db9d9a0ece4e859
data/raw/train/angular_leaf_spot/angular_leaf_spot_train.293.jpg,train,0,379010a8206f7d49df41b296a15abd6047b2885c90c3b822096e7419d4fb5c62
data/raw/train/angular_leaf_spot/angular_leaf_spot_train.294.jpg,train,0,97ab25376bbf7fde992f02e6e17689083bb4538b1ef2037560a91a65cd9bb454
data/raw/train/angular_leaf_spot/angular_leaf_spot_train.295.jpg,train,0,62c3d6883238e6d677ed0de8b0a97adc375e6bb793c446ec5a74d39ea588b30f
data/raw/train/angular_leaf_spot/angular_leaf_spot_train.296.jpg,train,0,8ce1dfd0b887b750765e1a4b8f86363a476d7897393356089451131dc3e40885
data/raw/train/angular_leaf_spot/angular_leaf_spot_train.297.jpg,train,0,65a48b1306b593f9476eacc1dfca2a638e8f8a47c42a3ffdde089329598ff69e
data/raw/train/angular_leaf_spot/angular_leaf_spot_train.298.jpg,train,0,b7594f4a4545bb7d819770b9d7b27150110175f40f59e95c5420f73919759fd1
data/raw/train/angular_leaf_spot/angular_leaf_spot_train.299.jpg,train,0,4c00c771c5074f6f3da7ebb96b0771fdd822621b0583611894f2d7fb20601ee1
data/raw/train/angular_leaf_spot/angular_leaf_spot_train.3.jpg,train,0,b69c9c48eaba314089450f143876632506882a94c15ffc4710449bbb2699ac66
data/raw/train/angular_leaf_spot/angular_leaf_spot_train.30.jpg,train,0,0c4cfe7a1611f834b6b39a81de668c0589a9cea8262f9fdc079cd8d82c27b25f
data/raw/train/angular_leaf_spot/angular_leaf_spot_train.300.jpg,train,0,df6cced28f25775524618d95ba4d49b39de0694560cc4e35a26af41fd2aeac20
data/raw/train/angular_leaf_spot/angular_leaf_spot_train.301.jpg,train,0,89d546ccd2ae9a7cdd7856b8958508780017d9f7ff943e37634010d8c1e06d16
data/raw/train/angular_leaf_spot/angular_leaf_spot_train.302.jpg,train,0,f8c2ce5053d1f8dc6487c9c5e27df78feabd32d224fe5c7062b88387d98b31f6
data/raw/train/angular_leaf_spot/angular_leaf_spot_train.303.jpg,train,0,b2ba4ad814a2aab57d140ab94f9330137232f1405fde26356d01c68ce2558240
data/raw/train/angular_leaf_spot/angular_leaf_spot_train.304.jpg,train,0,e8c9e3b183b6873f6e1a6b0f525482f0768476d7bc1d3e5525a10abe7f925688
data/raw/train/angular_leaf_spot/angular_leaf_spot_train.305.jpg,train,0,f5fe1103ea862937f5b921613c15371d69a6265af7c096ef22a6b1e28b324318
data/raw/train/angular_leaf_spot/angular_leaf_spot_train.306.jpg,train,0,c9eeffc91f16c504a04649d6fd36659d29b15b17b9c368a4bc39848bde3126c1
data/raw/train/angular_leaf_spot/angular_leaf_spot_train.307.jpg,train,0,b445556703d5ea86825b0476672a3ac75a17245c109254e2733367ef0a197146
data/raw/train/angular_leaf_spot/angular_leaf_spot_train.308.jpg,train,0,52fe6ab020839e27a8aa9f00b79e57d385e55e0320d4c3148ca5260741241207
data/raw/train/angular_leaf_spot/angular_leaf_spot_train.309.jpg,train,0,57c40353470f6a1006dbea1ba2b354332e3e5d8159bf345bb502a67b536fa565
data/raw/train/angular_leaf_spot/angular_leaf_spot_train.31.jpg,train,0,181f6044fe1e8f3f00949320de464f18d61c6620080c293f6feb1ea0e4336777
data/raw/train/angular_leaf_spot/angular_leaf_spot_train.310.jpg,train,0,f453577a0320031e647a22bd857e51053db9f7ff806bf25da996e13716cd574d
data/raw/train/angular_leaf_spot/angular_leaf_spot_train.311.jpg,train,0,df197a26335fb962e87efe943f5b0d91f9fdafbcac28d2a71b5baa1bf657639c
data/raw/train/angular_leaf_spot/angular_leaf_spot_train.312.jpg,train,0,4d4b57574057a7e4c7ee77de0c861341647c0c0e97ddbe5ad98cccde63094893
data/raw/train/angular_leaf_spot/angular_leaf_spot_train.313.jpg,train,0,634c5652d6a5e984ff4fd036d5570ce186fc7cfa6968a623f86665d914149737
data/raw/train/angular_leaf_spot/angular_leaf_spot_train.314.jpg,train,0,5da9a9f3c261db9f3bbceb61872b4037306e4cf0eba9606fdcbba3db01db1016
data/raw/train/angular_leaf_spot/angular_leaf_spot_train.315.jpg,train,0,0653317433c53970b55009adb088cc51b7b4c2b81457fea1ac7218bd51d77f56
data/raw/train/angular_leaf_spot/angular_leaf_spot_train.316.jpg,train,0,5ac84045eed0afcef44529d801e4077ad638fad384968f79d6eccfe18f8e7aef
data/raw/train/angular_leaf_spot/angular_leaf_spot_train.317.jpg,train,0,900548dc6848f0a1f4d3c63c39ac75a0e2c3cb57702ad1d4eb7b42cac9d2d0d0
data/raw/train/angular_leaf_spot/angular_leaf_spot_train.318.jpg,train,0,dcbe710fa7bbe3ffe35689d62fc73092aebbfdb699c4efb4299e984b8c983db7
data/raw/train/angular_leaf_spot/angular_leaf_spot_train.319.jpg,train,0,192cddded100e4b21d7086fee71cd63e7ce8a7ad07636d8a40602aff7f491d9c
data/raw/train/angular_leaf_spot/angular_leaf_spot_train.32.jpg,train,0,a8441518a92105bf3bf3ca845312048b6870178dbcf8151224fdbb900d68565f
data/raw/train/angular_leaf_spot/angular_leaf_spot_train.320.jpg,train,0,c8d825b1b4ec341a338395727634dfa8c868e6dda00bd21caf290dd733b2c940
data/raw/train/angular_leaf_spot/angular_leaf_spot_train.321.jpg,train,0,f1a497b269dd2274d22d18778dbe93813f8a770cad04d153ee0375754d1a73b8
data/raw/train/angular_leaf_spot/angular_leaf_spot_train.322.jpg,train,0,a978084a27e2fa622b08c38168389ccf1c7544caf4d7b9f74189e113718b1d0e
data/raw/train/angular_leaf_spot/angular_leaf_spot_train.323.jpg,train,0,8674f88e3cc17805524479832af6cabb1682dc093f39a956398f57de70d2d2ac
data/raw/train/angular_leaf_spot/angular_leaf_spot_train.324.jpg,train,0,c24fc7a93530592930430caf69f7e9bda43a38f3e57fa4488e419d1c717a93df
data/raw/train/angular_leaf_spot/angular_leaf_spot_train.325.jpg,train,0,031d7cda7e94706e50bb1a54337f75909c8af03a023ae2eadab9dfddbe2eb547
data/raw/train/angular_leaf_spot/angular_leaf_spot_train.326.jpg,train,0,c92ca877d68a133272bf6e13729d053cd5f75cbc6914b8c3a0f7880638e9c835
data/raw/train/angular_leaf_spot/angular_leaf_spot_train.327.jpg,train,0,1191f4e0da1757325d0fec48816c623cf92b33c4f0baaf8743a25dfdda5d89bb
data/raw/train/angular_leaf_spot/angular_leaf_spot_train.328.jpg,train,0,fb892d13c02131a8b39d9d455835fee336351238b03a1c504a11ddb2648a862a
data/raw/train/angular_leaf_spot/angular_leaf_spot_train.329.jpg,train,0,914635d52d40e31e63541b053ff0a11bb9d4a8232b81ac5c6e354108bc9e125f
data/raw/train/angular_leaf_spot/angular_leaf_spot_train.33.jpg,train,0,e026dfe212df713d48b6564c2af0aaaab54ef3a280038dd4cd19084f4c990f76
data/raw/train/angular_leaf_spot/angular_leaf_spot_train.330.jpg,train,0,7c5e69ffeb6b05fddb0993537f4a5b0f6826745a83266f029d55f6b098d9bb73
data/raw/train/angular_leaf_spot/angular_leaf_spot_train.331.jpg,train,0,ff63354087ccb8d5003dc795e8e7ca7f3159cffd080869bef3b0411062536881
data/raw/train/angular_leaf_spot/angular_leaf_spot_train.332.jpg,train,0,d7a63267f70da429533065bc858fb29af7aaa31f840c7072146fd5a0af0c8879
data/raw/train/angular_leaf_spot/angular_leaf_spot_train.333.jpg,train,0,02a9638272d768ed24d8fffb2e035572aba076691825e88c73c643e769fa0ea4
data/raw/train/angular_leaf_spot/angular_leaf_spot_train.334.jpg,train,0,f3977d437eacae3cf8272a247118e1bb8ea7b3026c101ee5fa65269545485c97
data/raw/train/angular_leaf_spot/angular_leaf_spot_train.335.jpg,train,0,b517684b3bd2305de3cf040e33bb7e441154b0dd303659fa7c8a548f709268d2
data/raw/train/angular_leaf_spot/angular_leaf_spot_train.336.jpg,train,0,9df2947f19333bc0ab1249a0475e05ae2e8265bbd750e67d40fc80f629cbae02
data/raw/train/angular_leaf_spot/angular_leaf_spot_train.337.jpg,train,0,0dcb9f6f1107a347e48a87e9587c0b5389bd66b362df5b76855cd0b6b91ca8ef
data/raw/train/angular_leaf_spot/angular_leaf_spot_train.338.jpg,train,0,4c953c9507e12983a67ca72a13963081bbda19183e3c9400a8b8b46b901bfed9
data/raw/train/angular_leaf_spot/angular_leaf_spot_train.339.jpg,train,0,543d2ad38b24d224683103ffb4320be6e6be30a34cbc460b7900098d68693f5a
data/raw/train/angular_leaf_spot/angular_leaf_spot_train.34.jpg,train,0,9c50655a70cd826637c81b039f617362f0b9783b8dd05e283313998168a587d4
data/raw/train/angular_leaf_spot/angular_leaf_spot_train.340.jpg,train,0,83ec1c7d2f9a1b8cce0d9b5e27b3059c1d933cb79c3b3f8242e46634e524bdfd
data/raw/train/angular_leaf_spot/angular_leaf_spot_train.341.jpg,train,0,9ec6d90c699e8cbd48284b96601145b0c3aea72a276e3da560ae4a7ff0389407
data/raw/train/angular_leaf_spot/angular_leaf_spot_train.342.jpg,train,0,9144201c3e561f25bac7654bfd7606e6c5c7d835efe451267190904b55a7bf49
data/raw/train/angular_leaf_spot/angular_leaf_spot_train.343.jpg,train,0,784ddb608dfd30529506fac695f4697034524785c46f576f1eea89cb83eed7d4
data/raw/train/angular_leaf_spot/angular_leaf_spot_train.344.jpg,train,0,77ef9d845469565507a9b2629417fd99d3026ace77655b05c6b702e2c0c24464
data/raw/train/angular_leaf_spot/angular_leaf_spot_train.35.jpg,train,0,4a281a4fbf47e41f8796449220f45d32d85a11602ac9e860261038aa2d871628
data/raw/train/angular_leaf_spot/angular_leaf_spot_train.36.jpg,train,0,a10787e51503ad755b088bac640b7efbd9a7377ed519cbb3f30e857f790a2b98
data/raw/train/angular_leaf_spot/angular_leaf_spot_train.37.jpg,train,0,1f4abb7024d09342db78062f2e9a72106838601ae710a3d869e6edc26cca896e
data/raw/train/angular_leaf_spot/angular_leaf_spot_train.38.jpg,train,0,31f46e47938aba6c4b2c35c1183e5abf68304abc99e688feead438ee31f73600
data/raw/train/angular_leaf_spot/angular_leaf_spot_train.39.jpg,train,0,f0095a71b0ddd56ff102677228023270c1cd1ad4ad61fd86993d8381cb471a6a
data/raw/train/angular_leaf_spot/angular_leaf_spot_train.4.jpg,train,0,05c6e060ec91108fa59b2f0abe27d369ba66d7907ff8807300ebfae61ae3b0d5
data/raw/train/angular_leaf_spot/angular_leaf_spot_train.40.jpg,train,0,ff28b47d1bd70db049529c373bcff510d7a8b29337f66e2dc774e9956e24cfe9
data/raw/train/angular_leaf_spot/angular_leaf_spot_train.41.jpg,train,0,0c6663a0df8501536f1f30f7f031174999186c071a89b3645665303bf6da0a6e
data/raw/train/angular_leaf_spot/angular_leaf_spot_train.42.jpg,train,0,e1c19a6a4ffdd5a9a8cd4329ad7328f83b03e7aed55f6c839a3341cfc867263f
data/raw/train/angular_leaf_spot/angular_leaf_spot_train.43.jpg,train,0,810fdb2af7768e39a9cc934520298f9524f25c96b1d56f3a54bcab5a2b5104bf
data/raw/train/angular_leaf_spot/angular_leaf_spot_train.44.jpg,train,0,ae1cdb52dcf045b7fecac4f5c781ac38d7ade392c428cd8a3af8cb34ff8e66c4
data/raw/train/angular_leaf_spot/angular_leaf_spot_train.45.jpg,train,0,c482debe704675541a87bd6548e0ec0ee23ef4aedd898ea6fcb526365d6c3c3d
data/raw/train/angular_leaf_spot/angular_leaf_spot_train.46.jpg,train,0,6b8a919524bf24155d16f3db1fee16f96952cb3c59eadad44ba06f3f9310d686
data/raw/train/angular_leaf_spot/angular_leaf_spot_train.47.jpg,train,0,d547623f96da827992ea7a96fc6ab1f0d4be16a88be549e9bf694cce07588e63
data/raw/train/angular_leaf_spot/angular_leaf_spot_train.48.jpg,train,0,a3d917a427d01581859872d74b1a84e9a13f92b5ede0d3edd90fd32139c2ab78
data/raw/train/angular_leaf_spot/angular_leaf_spot_train.49.jpg,train,0,f6c1a47e6456677066ac9d3b91e34233cca9da6eacfe1dd3ea0b5a0c78939586
data/raw/train/angular_leaf_spot/angular_leaf_spot_train.5.jpg,train,0,a27d4f946ca6028a56a9ebbb7c3aec49629056f928ce106a4749a90c60e9df72
data/raw/train/angular_leaf_spot/angular_leaf_spot_train.50.jpg,train,0,2896f8a0d3038efdd395247b5691284da1a1057b020563fd9b34121f5bac9286
data/raw/train/angular_leaf_spot/angular_leaf_spot_train.51.jpg,train,0,3055104380515fcb2d32d6356708376156b2267edf0244b50572d86fdbc8252a
data/raw/train/angular_leaf_spot/angular_leaf_spot_train.52.jpg,train,0,17293799d20670d3646c62ebb731b30cda0a729c23620b656cd3e6ea4f8e5ea8
data/raw/train/angular_leaf_spot/angular_leaf_spot_train.53.jpg,train,0,c80031f56fdbd285ccaefc81332c461d65b2d9cdc400c7fe33844c40b17fa4b1
data/raw/train/angular_leaf_spot/angular_leaf_spot_train.54.jpg,train,0,17188705a5399c828de906ca2dad406ebfdab0f705f190259e1eba26c7e891c3
data/raw/train/angular_leaf_spot/angular_leaf_spot_train.55.jpg,train,0,a78627d2dca9c44e15f286faaf0d89b47cac8255576f1ef798fb95b77bcfd906
data/raw/train/angular_leaf_spot/angular_leaf_spot_train.56.jpg,train,0,8d1d4bcb7637c3076aad26f264a79aa17f9241b3ccbbdd66cd8068eec8cd2d44
data/raw/train/angular_leaf_spot/angular_leaf_spot_train.57.jpg,train,0,0f8b0e114090adef38fb26bd730e3b50b0be6937951e68e6735b5f778accc62e
data/raw/train/angular_leaf_spot/angular_leaf_spot_train.58.jpg,train,0,3cdee341da92c4038b5ed09dc66d6f4bb2097177bd434fb574ecbf19ed750ffa
data/raw/train/angular_leaf_spot/angular_leaf_spot_train.59.jpg,train,0,f75f9855682f69bb1bd17df38a2110b7c328a550a41bf44ed31b25474ae78938
data/raw/train/angular_leaf_spot/angular_leaf_spot_train.6.jpg,train,0,e07c68877862372ee2bfbaaf2e8ed19b54acaf37e8dd8cbc7424214335c2217a
data/raw/train/angular_leaf_spot/angular_leaf_spot_train.60.jpg,train,0,40bf2cbd4b6dc56f4bcabf61a4c1c2040d1967e2eabc893bf72f261e41771e56
data/raw/train/angular_leaf_spot/angular_leaf_spot_train.61.jpg,train,0,8fba1e9a1e96bbc0b54e133d3218539d433bc97c54a40a015d260813d256646e
data/raw/train/angular_leaf_spot/angular_leaf_spot_train.62.jpg,train,0,8f2aba0217b1acdee8809ff54ff2d09320847dd20d9b8e0eec813dc50bd934e6
data/raw/train/angular_leaf_spot/angular_leaf_spot_train.63.jpg,train,0,48887a2dfa5fa9846a0e17f8dfa688cb282838c2aac2060df8fc6e2dcd1f97d4
data/raw/train/angular_leaf_spot/angular_leaf_spot_train.64.jpg,train,0,e459fd4ed34ce1a799ee77b924b48752da73e9d016f1747067fe98725071a7fb
data/raw/train/angular_leaf_spot/angular_leaf_spot_train.65.jpg,train,0,2bb40fa795d2bf9e377953ace3726fc05ef270481a1036efb34b508a5450595f
data/raw/train/angular_leaf_spot/angular_leaf_spot_train.66.jpg,train,0,38f301291d7dd204b373afc3d00e0b71a4ff6df6c147c63e61f787abfed800c7
data/raw/train/angular_leaf_spot/angular_leaf_spot_train.67.jpg,train,0,ea0c6eed91f428437f1d1e153b8a9b4c1f59477ab203460eb85f348f532f1641
data/raw/train/angular_leaf_spot/angular_leaf_spot_train.68.jpg,train,0,ee2502e6d2611713bf1b9b2b6ef93baf340e11d411719c6286ac6dcc409fec4a
data/raw/train/angular_leaf_spot/angular_leaf_spot_train.69.jpg,train,0,c3ff79a88527a4aa0ba4db52513f34cad7b62c71920e66557c5017286bfce4ce
data/raw/train/angular_leaf_spot/angular_leaf_spot_train.7.jpg,train,0,22e84a08804d2af5ab55ab707289786a3b9765601a2a6d8539e190ae4a41d450
data/raw/train/angular_leaf_spot/angular_leaf_spot_train.70.jpg,train,0,cba6d172547a5879ffc4cd5a5e466d06c10ad82b5d69fe6a670a5cc84c9998b8
data/raw/train/angular_leaf_spot/angular_leaf_spot_train.71.jpg,train,0,c423ed0a371725e5a8f49138715cf59da3581479a10a863dc7b7c8076daf7b0a
data/raw/train/angular_leaf_spot/angular_leaf_spot_train.72.jpg,train,0,bd23830bb6d13a02526c59b4bc867710de51bf62d05bb2b5fe7593a6d801f875
data/raw/train/angular_leaf_spot/angular_leaf_spot_train.73.jpg,train,0,d097f10f63bc1f0f3195fa19725b291fc69c5c4762260530a8b131e370c841ea
data/raw/train/angular_leaf_spot/angular_leaf_spot_train.74.jpg,train,0,1eb72b33af3e569702a901e85db1c68ea57527f8be1d42ee96cfd0fb90375cb6
data/raw/train/angular_leaf_spot/angular_leaf_spot_train.75.jpg,train,0,df1e2342616e0127dde6ff0f4d7e9acf95b59c4d90f414d93095f644e78c19ed
data/raw/train/angular_leaf_spot/angular_leaf_spot_train.76.jpg,train,0,aaece9cea223f4c1dc62a22f5fb178c44cde38966b3374db96444c5390ac98bf
data/raw/train/angular_leaf_spot/angular_leaf_spot_train.77.jpg,train,0,a2587a28aea4940be2e346cfbbb5979b7dc3042de35528b561c500e0c081503c
data/raw/train/angular_leaf_spot/angular_leaf_spot_train.78.jpg,train,0,e789cbb41351b43227711931cd0090e6836adc79cb78d0f10ab3e0a510023f96
data/raw/train/angular_leaf_spot/angular_leaf_spot_train.79.jpg,train,0,981df663a1a3aa5a77078acf29d19f14da80dd585ba9d9cd1b55a0e78adaae2a
data/raw/train/angular_leaf_spot/angular_leaf_spot_train.8.jpg,train,0,7816ece9dc59c7e21fcc8d51b361c3c81313c9709f13aee0b2ef0de43a84c672
data/raw/train/angular_leaf_spot/angular_leaf_spot_train.80.jpg,train,0,d9c42d7680fc556949d50e6486272dad9dd9ab93a1fc834bb2086a378211ebec
data/raw/train/angular_leaf_spot/angular_leaf_spot_train.81.jpg,train,0,6d2c03b33b66b32ccb808c6f506a542295562aa108e942d92bb31ca8f96cb68b
data/raw/train/angular_leaf_spot/angular_leaf_spot_train.82.jpg,train,0,73347df97214fe5db63a71bd3af496a6a5628692812cff5777cbd83af550e5d5
data/raw/train/angular_leaf_spot/angular_leaf_spot_train.83.jpg,train,0,07adaaabd064f7c6d7799c2266228ceea8f0ba881f5f2635f82ebf6393d9e9ac
data/raw/train/angular_leaf_spot/angular_leaf_spot_train.84.jpg,train,0,b419d47c7fa1cbaebe62b4b774b2a7ff3e11769ca6cef347cc1cc936dcc0fb49
data/raw/train/angular_leaf_spot/angular_leaf_spot_train.85.jpg,train,0,ba6938264ad867707c73724fb3cc832316a146ca92b0987142f8cb79ad05841b
data/raw/train/angular_leaf_spot/angular_leaf_spot_train.86.jpg,train,0,7aec2fd378ddb509ab830a7a6becc71ff5c7ea129cff127f30953a8485cf808d
data/raw/train/angular_leaf_spot/angular_leaf_spot_train.87.jpg,train,0,2a1990f8cc6200e5a743bd4e7dff7fc928063db96ee2f3258a4448613cbb8f3b
data/raw/train/angular_leaf_spot/angular_leaf_spot_train.88.jpg,train,0,cf69ce26a536b62d423290e2a4f22484cce194efbb2eb73ade682e00ea838ebf
data/raw/train/angular_leaf_spot/angular_leaf_spot_train.89.jpg,train,0,8f8517818a9cc3c1f8d9540663dfa20ba867b69abe8095866b0b676193c6f9be
data/raw/train/angular_leaf_spot/angular_leaf_spot_train.9.jpg,train,0,ce4670914550312d7737b4bb6df8cd781e858a621af5877935d43444eb8d1e14
data/raw/train/angular_leaf_spot/angular_leaf_spot_train.90.jpg,train,0,6474ac5fc590b11e203e101ffcb67afb002abd0e5252597cb98712573ed66330
data/raw/train/angular_leaf_spot/angular_leaf_spot_train.91.jpg,train,0,dbc46202f8ca4f3ab9e02b306aa2ca0162b4bb5936ba998b27969c401d80a741
data/raw/train/angular_leaf_spot/angular_leaf_spot_train.92.jpg,train,0,9e3c9485d02a5a1ed14d2a85576fbd0d28b9d79b87e00f288263bb51462c5248
data/raw/train/angular_leaf_spot/angular_leaf_spot_train.93.jpg,train,0,455fa32b33463f7aca3fc3147417f4401aeb30d52e1b88d8a2fc7346b8d9a3e1
data/raw/train/angular_leaf_spot/angular_leaf_spot_train.94.jpg,train,0,31f08948f51d338a1277eb7e6eff04f18f3c37cef5b1eca1adc84b74b386bd5d
data/raw/train/angular_leaf_spot/angular_leaf_spot_train.95.jpg,train,0,cb328b822cda0a0ee81d2516e9d6737de20a7cbbc04ed3ceeee1f8945f24a266
data/raw/train/angular_leaf_spot/angular_leaf_spot_train.96.jpg,train,0,13518778b3f4f1aed300c4b5900edbc7f6023d670c3f2fb2879f3111847a2754
data/raw/train/angular_leaf_spot/angular_leaf_spot_train.97.jpg,train,0,1f8a6736792195d5d74f161fa0768ca1d567299f91126437a10b9a9221bdd2f6
data/raw/train/angular_leaf_spot/angular_leaf_spot_train.98.jpg,train,0,f757058b7ba49efd2be51bb06c5acc59844c935c72a099d23bbe76b421960971
data/raw/train/angular_leaf_spot/angular_leaf_spot_train.99.jpg,train,0,cbba49204454bf79b10b8d02753e8aa55f828d1d894874e9c08597a9cd00a2a1
data/raw/train/bean_rust/bean_rust_train.0.jpg,train,1,f85cd9208e2a1d6cc84fb58c17727bf381874d099868b5e9dbb3bd1d90566e4f
data/raw/train/bean_rust/bean_rust_train.1.jpg,train,1,b32ef4fca0c28fab250fb935cec7b556191c114be68728c177a834c2f151c34c
data/raw/train/bean_rust/bean_rust_train.10.jpg,train,1,49f921aa9598fa4654ba3057adbf82b742c7b166163b522988e0529421c008b4
data/raw/train/bean_rust/bean_rust_train.100.jpg,train,1,674785d8cf3ae6cebfa5a7020a398a22997b5fba5bbdc3ed36a6b3388ea4cd10
data/raw/train/bean_rust/bean_rust_train.101.jpg,train,1,dab17d9044135cda6cb96458689e6b9810bff45e5e013579db81650d9accc964
data/raw/train/bean_rust/bean_rust_train.102.jpg,train,1,b3e3e695f57c6b6536e5e75031644fb3ebcea8fa0bf9e17ca941a594352072e5
data/raw/train/bean_rust/bean_rust_train.103.jpg,train,1,3e22fced2e6e6f26c0c217b7914941fac8e02436cf1cfe882a1bcb4b563564d1
data/raw/train/bean_rust/bean_rust_train.104.jpg,train,1,8becd04dc4a510e22cffe870cdec8269ca3d2f9b923b6edda83dc34bc023a79d
data/raw/train/bean_rust/bean_rust_train.105.jpg,train,1,2703ec7e8da52e2eb6a1c357b9bb4d4c24e711aaa0eb51422e360141d6755c0e
data/raw/train/bean_rust/bean_rust_train.106.jpg,train,1,7976d3eb39b123ef0694a0c3b6b6b7c718b8ebfc3ac454220299c4e7a304ba66
data/raw/train/bean_rust/bean_rust_train.107.jpg,train,1,e1407ffdb67d8df6ef794a76e7e1292ed79551808f8ac2559605fa14504531a9
data/raw/train/bean_rust/bean_rust_train.108.jpg,train,1,cd277b373cd3aa0c195150cfd64f6a3ed173d0296542c96806644d9fb794fa07
data/raw/train/bean_rust/bean_rust_train.109.jpg,train,1,7d9f4d0a0cf40f1e5ff9669cd7b1ef29d46487fb21addf135f63ff691641385e
data/raw/train/bean_rust/bean_rust_train.11.jpg,train,1,de9758651ecdc3e640534d9a3561ac5c17639d241806ae46c9b478885636c929
data/raw/train/bean_rust/bean_rust_train.110.jpg,train,1,a745ab3aa82d1e9a10e9f718a0cfcddf37688dbbb6cbb3a4492fb89826f2e8e0
data/raw/train/bean_rust/bean_rust_train.111.jpg,train,1,d1b1ee590a7a4d9ed59cd7bbe456ecb02dfc019cb72ee306fbd47c9e5ef9e0e4
data/raw/train/bean_rust/bean_rust_train.112.jpg,train,1,534c60ae5a2bedaa112ad9772d02e19fe50db8a07c3dc065b09244dc82ef819a
data/raw/train/bean_rust/bean_rust_train.113.jpg,train,1,ed588793d28f9cc1aad108babdbc244631107d905eb3a0a79f0f6096716dbd2f
data/raw/train/bean_rust/bean_rust_train.114.jpg,train,1,644b6bd674a32d1dd4f11b6c2a550e0fa72f6c5bebfcbb155a75e9b46294425c
data/raw/train/bean_rust/bean_rust_train.115.jpg,train,1,73b68d892024a892c0f4a48088a9341e5e3822d1ab6b40c25c55a7c7faf62b9b
data/raw/train/bean_rust/bean_rust_train.116.jpg,train,1,e5542104002002751fe1892533b91682486c4204a6b10c8c6091305258471559
data/raw/train/bean_rust/bean_rust_train.117.jpg,train,1,9b1906500451d53783db936221bcf050f796823eb0dbe8aaa2d2a3fe0e929d5c
data/raw/train/bean_rust/bean_rust_train.118.jpg,train,1,c3e8b84ab5b3befe81aabd93e3d7881b7079b84e98b088e09387beef55d600c2
data/raw/train/bean_rust/bean_rust_train.119.jpg,train,1,9d96bf2868a1d9519f09f6ff4c4b3a1b4ab0f94485ec62f3c159d30f189f0cf9
data/raw/train/bean_rust/bean_rust_train.12.jpg,train,1,6e03d05d89849ba0588fbd078396bcff0013e48505b7a7164779b800b5951479
data/raw/train/bean_rust/bean_rust_train.120.jpg,train,1,2b1136f20e337e43106f11da0250a1eb1d09e4a878bd289b3bde2d62f4a6b580
data/raw/train/bean_rust/bean_rust_train.121.jpg,train,1,cb9439e63f1e11812781754f1f19ef53e76fb65532fca65d4813326743594086
data/raw/train/bean_rust/bean_rust_train.122.jpg,train,1,98cb05f1466e1c619b737491bea6ea41a240521c489824214a62d68caa55d039
data/raw/train/bean_rust/bean_rust_train.123.jpg,train,1,3f2c03019274aaa6cac4b32e13bedd9c743dc6df7b01212f53dd25d11de2cd2f
data/raw/train/bean_rust/bean_rust_train.124.jpg,train,1,1c0bf9c7baf938677a231be2e6bec9d18cdd4ee02bea9781418497c47ea69799
data/raw/train/bean_rust/bean_rust_train.125.jpg,train,1,3ceb664731c1b312af644d05603afec6ca4a6208e86ceed54f93860916c933c4
data/raw/train/bean_rust/bean_rust_train.126.jpg,train,1,f96585e60050de432839e49bb3ea85eddbffa3fcd8911cc6164ce1af8cc89183
data/raw/train/bean_rust/bean_rust_train.127.jpg,train,1,0b1b0f3740971125cc10b86287c3e42f051afff9610766316efa8f5756088084
data/raw/train/bean_rust/bean_rust_train.128.jpg,train,1,f16cf8b9253dd2804b8011046dce7c7a7a5b9f5fedac7e471862906f7c0dc22c
data/raw/train/bean_rust/bean_rust_train.129.jpg,train,1,39862b76167a6c4317203524668d5b288ee82fa4c81ddb49aff412898e190b49
data/raw/train/bean_rust/bean_rust_train.13.jpg,train,1,5adf9aea1feb44f83ef61630a798c0671a0c4255b187dbd1a097948ef57af6d3
data/raw/train/bean_rust/bean_rust_train.130.jpg,train,1,91a9e3f4cfad2cbeb734cc89b290dfb5a8ee9c904403f49aa750e6b0dd155177
data/raw/train/bean_rust/bean_rust_train.131.jpg,train,1,61da4b588d2ccf8bbfaed462015c81db19067aab273538f68f62985453682f52
data/raw/train/bean_rust/bean_rust_train.132.jpg,train,1,4af4230e98c163a3037eb0353b5cd403a41e057fc57b7037c9f870566c94db2d
data/raw/train/bean_rust/bean_rust_train.133.jpg,train,1,e227cd61ebffdbcd543736fd97dc19dd9e0c554c3bfe372b7b196c42a2985b93
data/raw/train/bean_rust/bean_rust_train.134.jpg,train,1,b010ba0b4796c0fbfd4b945520760db1eb301750fdee48c31f07929f190c7491
data/raw/train/bean_rust/bean_rust_train.135.jpg,train,1,a89af49d682a69a94144c659ca3924838a6163f35bf0c62e627042f62281b434
data/raw/train/bean_rust/bean_rust_train.136.jpg,train,1,dc0cf574c8a1a826c184afa322b6ca19db1f08ff012ba49aa78f2a62d1c472a1
data/raw/train/bean_rust/bean_rust_train.137.jpg,train,1,2532ae3263e832e66ae5f8453a5a02bb356b37b0965e214c2d857e1a169043e6
data/raw/train/bean_rust/bean_rust_train.138.jpg,train,1,3f73f4499d321480ae5f7b33135df183b10fff39b19b43cb6fae577eb9843bff
data/raw/train/bean_rust/bean_rust_train.139.jpg,train,1,e58a10dfe6ee9a9b8918806f17c14e040942133afc91555a11ff1f4198b7a5ca
data/raw/train/bean_rust/bean_rust_train.14.jpg,train,1,991244c4a9ea173f72a105769b7b25ae9e2906fcc3ba0cd7c9ce10b75ce2111c
data/raw/train/bean_rust/bean_rust_train.140.jpg,train,1,c9758476e34cbdc4ff72b3d65c1c5a00f3b7c735ea249ebe38fc1e957092e3ad
data/raw/train/bean_rust/bean_rust_train.141.jpg,train,1,96dbd70ba4a4bf2df3819c19ca5b9cc4b656c7c664b464a5f9ba9afac274bfe2
data/raw/train/bean_rust/bean_rust_train.142.jpg,train,1,c86a78fcde0f788e3e8b19fd1eb8bbc7dc7e64153b1f17d1f0d47646d7611c84
data/raw/train/bean_rust/bean_rust_train.143.jpg,train,1,29c7a530e0e8d5aef993549a094f5c2505366cb81567ba4f80d8fcf4e5015ea7
data/raw/train/bean_rust/bean_rust_train.144.jpg,train,1,13a4ae9c9140549b35073ec0744dc5401c64fd23c29d015a2d0db8209d5d1ba0
data/raw/train/bean_rust/bean_rust_train.145.jpg,train,1,a5a00af5eb9b50b1302686802eacb5a696eb32aa195fffb8f1bede36d4a63ce0
data/raw/train/bean_rust/bean_rust_train.146.jpg,train,1,f5f6b75701d5718865e9041d5ee821050bfc79c53cb4764f4af1406bf312dcc9
data/raw/train/bean_rust/bean_rust_train.147.jpg,train,1,c9d3dfd97b6097c32df667c847944ac25eaf2b7b0d478359f7f35db3da501082
data/raw/train/bean_rust/bean_rust_train.148.jpg,train,1,62baf6ca2ad682fcf70ea3c0479f9285bc56651b33975c15d5c027a68372085d
data/raw/train/bean_rust/bean_rust_train.149.jpg,train,1,391ce7d8c3bb61ba99813c2d3d60b469029e24389a02ad4a3bc16a6e1d7fd8de
data/raw/train/bean_rust/bean_rust_train.15.jpg,train,1,0c3fdab863215316f3c6c046db0480223762d3209de00eeb22f53319e25af108
data/raw/train/bean_rust/bean_rust_train.150.jpg,train,1,d17605bac63a4052c43c9c2757a3e750dd6c7754770addff445a043cd8e25a80
data/raw/train/bean_rust/bean_rust_train.151.jpg,train,1,e3bc62bf7200e103b2ddb85593143566bc064e25ab0d4d4caeb8a6ed7404f7e1
data/raw/train/bean_rust/bean_rust_train.152.jpg,train,1,882aec25fe11eafaa63e0c35d74f1ff52ceb8c692608e29d44cb0edce8af1f01
data/raw/train/bean_rust/bean_rust_train.153.jpg,train,1,8d209004d9615450b7f33c9e5978182aad9762312f30983c658a6ec1af80760b
data/raw/train/bean_rust/bean_rust_train.154.jpg,train,1,da829d82a6bd7bf3911b44a570973f20e1f74bbb45c887efe62d32c4ab9598ba
data/raw/train/bean_rust/bean_rust_train.155.jpg,train,1,c0d2582ac928b57a65f897fdd3cbb4567fa5ac8a1faedc962910832f4ec2d85a
data/raw/train/bean_rust/bean_rust_train.156.jpg,train,1,eddceb7e1822572a61c531e11c0deb82bf07ae0d7c64fa044309f607c602ca4d
data/raw/train/bean_rust/bean_rust_train.157.jpg,train,1,fb6b59bd5ee7377a31bef2212340e48513808ca01ca734c07066a6a9e871b576
data/raw/train/bean_rust/bean_rust_train.158.jpg,train,1,587f8dd9e08ea834ef8fd142a57a631ab77fade59039e73dfb8cad9a4b8af7b6
data/raw/train/bean_rust/bean_rust_train.159.jpg,train,1,9707b078bcc528f44279d1eb0efb69a99adf89097591a0131f42162aa97723f5
data/raw/train/bean_rust/bean_rust_train.16.jpg,train,1,9939170bad8896a9ba539299f723cccfb2ec984369d997f2ca7438c203d51558
data/raw/train/bean_rust/bean_rust_train.160.jpg,train,1,5759d3be56300eaade03e9daf2ae1dcb1488bd548424ab3066be15864e9de7bd
data/raw/train/bean_rust/bean_rust_train.161.jpg,train,1,0f47561138fda3ba82c399478ffb026851f2707f20785a674842961c3c1b49c4
data/raw/train/bean_rust/bean_rust_train.162.jpg,train,1,28336e0591970286cee488fca5fff4e12e37adc7c191cc53fa5193fa1d660bfb
data/raw/train/bean_rust/bean_rust_train.163.jpg,train,1,3924910e225a906d095644877e3c9fe1862579294770ee69c52743a45c79d782
data/raw/train/bean_rust/bean_rust_train.164.jpg,train,1,2a8097cd3f3acafc88395be02dcbf7dfff54c7d82998e653a921a2e472eb9315
data/raw/train/bean_rust/bean_rust_train.165.jpg,train,1,b0df590ba30673c756dbb294cddaeab60401ecf9114b6c1d70661c6834b981da
data/raw/train/bean_rust/bean_rust_train.166.jpg,train,1,946f397a0981778f2b00cbaa760587b57ef0b601c215a4b7fbc8a9b999479a03
data/raw/train/bean_rust/bean_rust_train.167.jpg,train,1,806555ebebf01983617991b9af9497bcc9409b79f72e653f49b7d08d621ee35e
data/raw/train/bean_rust/bean_rust_train.168.jpg,train,1,fd5e5de5d35bdc6fc8fed3599d9303251ac1675f8bb00e259334b5745eb1d2ee
data/raw/train/bean_rust/bean_rust_train.169.jpg,train,1,a5f8121501d761b08a8b7fcd9873e733cf6048e64f48cdba3deb74cf3ce13333
data/raw/train/bean_rust/bean_rust_train.17.jpg,train,1,be758ae725d43fbe6e56e5176389ffc553f2319cba14135c18c3cb31b31fa0e9
data/raw/train/bean_rust/bean_rust_train.170.jpg,train,1,3536dcdf8b5d86599ca4d177651ea4607e7262c86911495b123dad1a82027d3f
data/raw/train/bean_rust/bean_rust_train.171.jpg,train,1,8f379bfe66a5fb4c2b72859331b32c34048f4d4b7d32c8469aecd69e18dc4062
data/raw/train/bean_rust/bean_rust_train.172.jpg,train,1,4d7d77c3b6298dc472e86df8eb00e9dc3a72f0af1eeb672bbb7fea959067a0fe
data/raw/train/bean_rust/bean_rust_train.173.jpg,train,1,e16df0f8b43192655752af17ffd1f27ac7b58e86c6c893db86aa87a867590004
data/raw/train/bean_rust/bean_rust_train.174.jpg,train,1,777f4c7a388016d62dcdb1b9b8efa77a104855743f2e52a756071b206325d98b
data/raw/train/bean_rust/bean_rust_train.175.jpg,train,1,87ebb3579e91f400f758e890215226268bfc7b7fee35e1df4026ac6d022d0328
data/raw/train/bean_rust/bean_rust_train.176.jpg,train,1,2a486a8830da9577de46bb8678911069f39799b2f51215b61e98731b6650a832
data/raw/train/bean_rust/bean_rust_train.177.jpg,train,1,e0cd9a252cc436b1622316c6b242eb986d8ede10ae2af355137445b926129401
data/raw/train/bean_rust/bean_rust_train.178.jpg,train,1,1a4678d59e14aea02c1a87f804fb8711ae5617aaf4439d0ce64326f739f4c831
data/raw/train/bean_rust/bean_rust_train.179.jpg,train,1,64cb889d76e6f213883637c85e59a61899da3a2f09d50696d2e3079022d774b3
data/raw/train/bean_rust/bean_rust_train.18.jpg,train,1,1062fa6cafdbbbb0ee977ec57f4c87ab28b224ca6c561669e97d7e0904cabab4
data/raw/train/bean_rust/bean_rust_train.180.jpg,train,1,1e9ea6d81fb7f043b88791534b66f358ab00afdbff336eda389130e3345d51ef
data/raw/train/bean_rust/bean_rust_train.181.jpg,train,1,05e56e6af1ff07c9adcaf0570a47d76db89ece8be61279f68d63184ecc66a4ed
data/raw/train/bean_rust/bean_rust_train.182.jpg,train,1,8c7dd149aa04a2b79896cc7508d00bae512f666c92713be869eab78fbd491b68
data/raw/train/bean_rust/bean_rust_train.183.jpg,train,1,04dc140b4730b9efbf1110b1483f97f6d29efcc000cceee3e37697927993e105
data/raw/train/bean_rust/bean_rust_train.184.jpg,train,1,344413790b30ee20b490e3ffe924d856f599e806102209aa94877f612336f227
data/raw/train/bean_rust/bean_rust_train.185.jpg,train,1,1802e2464a6fd46f9e152bffd43963be285e3af430d09ffb7676be499ddbb4df
data/raw/train/bean_rust/bean_rust_train.186.jpg,train,1,0782ffcc9a88f085f216f967af2ab26a12e9821bd923a31b5b44ec86bfb0b5b3
data/raw/train/bean_rust/bean_rust_train.187.jpg,train,1,4c7cdf23fea1d6f39ef7a30d4ecf57f9585820dead6fa604bbf8b2b8e250f526
data/raw/train/bean_rust/bean_rust_train.188.jpg,train,1,166443d42994457b584d80a0f1ac7b0b333729631150c591420ecc818e54224c
data/raw/train/bean_rust/bean_rust_train.189.jpg,train,1,41f09cf018bd9cd72e37932354f761ca93bd72c12e6605cde77619982e9fa4a2
data/raw/train/bean_rust/bean_rust_train.19.jpg,train,1,84dd11deccce2096bec15b0cc8108384794cf4cc0e333679d9d28b58f8d20c67
data/raw/train/bean_rust/bean_rust_train.190.jpg,train,1,c9c147aabc8dbdc593aef5b8f373ae39a8d7a561bdc98fa529dc85cafa826e5a
data/raw/train/bean_rust/bean_rust_train.191.jpg,train,1,fe9016ef090a4b65ca3a5b555df5e9689a6d2bb27cc2f7b65913c02a584f0b09
data/raw/train/bean_rust/bean_rust_train.192.jpg,train,1,1d87d0f2d6effc1756d7efc8bfb7b36304a4a7507d6f1f381dc195b59328e5d7
data/raw/train/bean_rust/bean_rust_train.193.jpg,train,1,4231e9a4d478fc72b21b49bffccb20263d91f615f87414ab0712fd855f2df5ce
data/raw/train/bean_rust/bean_rust_train.194.jpg,train,1,d3ae08bf3120e313de6041b76d991b1e23c52016d6ac252be8a477ab6a4de0b3
data/raw/train/bean_rust/bean_rust_train.195.jpg,train,1,36586736e2727f808ecf7a033ead21a0025883b0c63ef31e7e74088a200beb2c
data/raw/train/bean_rust/bean_rust_train.196.jpg,train,1,005b6c33a2a3d092f9bc5a963f8edd724f2a48c82f20a5f321580bf4aabea712
data/raw/train/bean_rust/bean_rust_train.197.jpg,train,1,ab3774f30e67da42b9b717c45578e4d781105ca7d323b6aa91344817f8acab94
data/raw/train/bean_rust/bean_rust_train.198.jpg,train,1,cbf996e8e3718fa94a238d6645ab100e2e20585daa2acd5268cf1ffd83114779
data/raw/train/bean_rust/bean_rust_train.199.jpg,train,1,5700eda01f3fd62d93133b23446f63c3c591fb5d26b708ae74481339f2c2614c
data/raw/train/bean_rust/bean_rust_train.2.jpg,train,1,e3a1d9b63d59c59436986c8bc2f3e3e1d5b68f66218a352fa98415c0d5d390de
data/raw/train/bean_rust/bean_rust_train.20.jpg,train,1,6b1a5169d4c4b9997be0186ae726127db2b6e9fa399e37d8644eb8b0c1953098
data/raw/train/bean_rust/bean_rust_train.200.jpg,train,1,1cc0562f307cabb0d9cbb912e20e0d00609075a8604dc1cfc7a90ba0d01ab36e
data/raw/train/bean_rust/bean_rust_train.201.jpg,train,1,5b424485c9540b4e95886b2fb139ac01ea785b0070250d170aac95907022cf1e
data/raw/train/bean_rust/bean_rust_train.202.jpg,train,1,caecf077478e60410f841a36bfbcce2f06a4f4794ee0e99fc133dd6ed6a29395
data/raw/train/bean_rust/bean_rust_train.203.jpg,train,1,94cd2e0431d4016635b65bb3a1df73032fda81c81d1a99069bf6e0bf30e72b3b
data/raw/train/bean_rust/bean_rust_train.204.jpg,train,1,f62ac61dd399624a076520e1cf790f93bf4f59191caf92dd0b822795b065080b
data/raw/train/bean_rust/bean_rust_train.205.jpg,train,1,cbf744fdd61e0a2023fc9c5a6a3c08b1f455139e139d5921602fa437f8fdad2b
data/raw/train/bean_rust/bean_rust_train.206.jpg,train,1,0250618baff2dcd0327d037996cf4c6ced6aea6b8dd43dd31bd0ee9bc6f530cd
data/raw/train/bean_rust/bean_rust_train.207.jpg,train,1,e3ff5b8661de5f619b0a2490f188f81d6a9b2079f9b36bca0a7c8d76ef33cecc
data/raw/train/bean_rust/bean_rust_train.208.jpg,train,1,08f986e7595ed508f787e1ae8cfac1d2ef32d0908fa0f34bf0f32de9f5527ccd
data/raw/train/bean_rust/bean_rust_train.209.jpg,train,1,ba7c553fd1799114a86561bc53cfb042627ac163203cba98ec090014dcfffb4f
data/raw/train/bean_rust/bean_rust_train.21.jpg,train,1,08ade1afb25a1360e0ff21c4cdc0c0f1db25d41bb40b81af8fe260c7708a690c
data/raw/train/bean_rust/bean_rust_train.210.jpg,train,1,61eb87f37cfa5975c48bcba4710d6388eefbbc3d2302de907200658ce9d733db
data/raw/train/bean_rust/bean_rust_train.211.jpg,train,1,a31b455bfc4a0979ece4d7f60235f2228dba6e6b1c49aecce5c998fffbd8b330
data/raw/train/bean_rust/bean_rust_train.212.jpg,train,1,3539824cc562c6aeb0f32fd78d1d2834a1245bb4b6dab9ba445ee8ab89133bf2
data/raw/train/bean_rust/bean_rust_train.213.jpg,train,1,5a5095b35eb1d3bff83d50dececf0ab2413f158182212f017b88507b908bd3c8
data/raw/train/bean_rust/bean_rust_train.214.jpg,train,1,28d9f40cf14f308c3220c460b701cceb84ea9b909a8b35d9b397ea807de9d832
data/raw/train/bean_rust/bean_rust_train.215.jpg,train,1,a41a30c509a686d20f086c635a28627e08f6409654e6995fc59158889b99d328
data/raw/train/bean_rust/bean_rust_train.216.jpg,train,1,fa419cb2a2c63cd19d789f4e7e1dc61650f4418d54295e68dc932b48179d776a
data/raw/train/bean_rust/bean_rust_train.217.jpg,train,1,c5874cc9ed91a13dcaf5f51a73d5c1e98161db7c1d31af690344c0f3a09a4073
data/raw/train/bean_rust/bean_rust_train.218.jpg,train,1,8d08f2120ba9f5d849f4373fa0b0645ef16bb34b29fd0326b6f82eb8ee21531c
data/raw/train/bean_rust/bean_rust_train.219.jpg,train,1,a087480b28635ac00830d444ddbbaeb47e3510dc35db14be9c6cb900ce84d9fa
data/raw/train/bean_rust/bean_rust_train.22.jpg,train,1,304d1a33417ac8c51de9d0da9cb3d26bde440b919779ebcf3a9044c2e3a4e66c
data/raw/train/bean_rust/bean_rust_train.220.jpg,train,1,95c9826c827185552a3dd5d096ba668ffd27184b40e7c43c3e48e6a5e6391af3
data/raw/train/bean_rust/bean_rust_train.221.jpg,train,1,ca642819513606916cc4897eec80a37b14ab0c22c25f450de111b04632c7c4a3
data/raw/train/bean_rust/bean_rust_train.222.jpg,train,1,2591acc23777a307cd5b85cb0504974a283c576455ebeaa558eb30b2c6a35602
data/raw/train/bean_rust/bean_rust_train.223.jpg,train,1,d8af077b4e78d217ae4145c6b91ae31428103db505c2800a83780a5112fc4629
data/raw/train/bean_rust/bean_rust_train.224.jpg,train,1,5dbd2c562927323859916c01c96bdfcdf98f1175f900bc873c37e04d568c2b4d
data/raw/train/bean_rust/bean_rust_train.225.jpg,train,1,12090e5f5d7d8181724a0e85227ce2d0628a2fabc3530f3179800f28fee5c8be
data/raw/train/bean_rust/bean_rust_train.226.jpg,train,1,977aee6ce1a01f6e22e7fda509aebce6d4d2e29b74dac3a6f87b17b7969a16af
data/raw/train/bean_rust/bean_rust_train.227.jpg,train,1,3afda1243d03c836b8b7353595c30a4da4ac5c252d8a49692bed784f775a3868
data/raw/train/bean_rust/bean_rust_train.228.jpg,train,1,c6b7dabdfb2b8f84f0d89e0f285c0df143fefb73d73d39ccc1ccf397ea23deb4
data/raw/train/bean_rust/bean_rust_train.229.jpg,train,1,ae804ded1343d13bd6b23616bb51c1c9062be53f16e961930cecac89b9799a19
data/raw/train/bean_rust/bean_rust_train.23.jpg,train,1,11f8bc82452bfdae7056c6f6f8f99b6d542a5b07d0ba72badf35605d83a4dd5a
data/raw/train/bean_rust/bean_rust_train.230.jpg,train,1,62d00b22128981e8ca26739e09cf744231e92390fb1bab3ac9e08e51d8077b14
data/raw/train/bean_rust/bean_rust_train.231.jpg,train,1,e964778ee79e8aa1081f206da460f9344ab39fca9f13f5b5e172373b626375f5
data/raw/train/bean_rust/bean_rust_train.232.jpg,train,1,617c08e16b7893df53ab3f6e47fdc5c24267a054ecb4b465df911d67329e8453
data/raw/train/bean_rust/bean_rust_train.233.jpg,train,1,e7ea27f2fe6a5920cf96b723f634acab209d16a5437d714f5861850eb4f654da
data/raw/train/bean_rust/bean_rust_train.234.jpg,train,1,d02c38a1e9969ee41a93e19e6b40b584bdaa5a6cb3af7016c3a9eeed0b545f7d
data/raw/train/bean_rust/bean_rust_train.235.jpg,train,1,6dd72b0244129a1477e2d2a50a937781eaade20aed4f8ab80256ba332f328f36
data/raw/train/bean_rust/bean_rust_train.236.jpg,train,1,435540f99896e16d2fb7bcde39c6a88730fd0ffd1e950cb7d66f843877a165fe
data/raw/train/bean_rust/bean_rust_train.237.jpg,train,1,22b4d98b1cf54648dc147d7f4b6ff269ab6b3e4aa0554bf1eab105184f849410
data/raw/train/bean_rust/bean_rust_train.238.jpg,train,1,ac890a07fcf5281d5d2b0c4a133437a8956924261cd7d3225b46ff6144be2523
data/raw/train/bean_rust/bean_rust_train.239.jpg,train,1,5d143d8084e2a34cd66badee8d4b6957c9a036086c13886a220d4d93f7f2dc4f
data/raw/train/bean_rust/bean_rust_train.24.jpg,train,1,83f08993cbb2e5f1b503cdd878581c3777333ee0393e19014dfbe53ff2819a04
data/raw/train/bean_rust/bean_rust_train.240.jpg,train,1,fb6ad33b8a2ffac71542ef074df1d873435dfcef9f8bdd1270374903dd79a686
data/raw/train/bean_rust/bean_rust_train.241.jpg,train,1,2b42c0292ca9f99a40be5af132ea9d218e15da86e5a4c53bc5aae034fcf05cfb
data/raw/train/bean_rust/bean_rust_train.242.jpg,train,1,01708caa5e6f43ca3fe34bb349d42bdd1ee5b933ed47f9008f37b766f7aa4dc6
data/raw/train/bean_rust/bean_rust_train.243.jpg,train,1,10d17547adb5175f67237fab68d550be287b93ba74e018c8d6a494e1edfc7b26
data/raw/train/bean_rust/bean_rust_train.244.jpg,train,1,7d60f79adff1512328123be65a36c9313d2dffa893d24aed821bebe4f69d4f3b
data/raw/train/bean_rust/bean_rust_train.245.jpg,train,1,07fb721b7c938e9c50a000da8a8b0fec45907901289a8857330ecbea66b1fd2e
data/raw/train/bean_rust/bean_rust_train.246.jpg,train,1,115d811414db40bb5386e270784a2e261be444b71962252888d51bbf04146d6c
data/raw/train/bean_rust/bean_rust_train.247.jpg,train,1,2cc3f1ec0aa9aa1687465a2ffa9685bde87621bb7df1990aef97fa85f5a816f4
data/raw/train/bean_rust/bean_rust_train.248.jpg,train,1,b3f16dda0b04819069851cefc4fcc150ddfaa86807916a0d0c5cbdf8cb2d86fb
data/raw/train/bean_rust/bean_rust_train.249.jpg,train,1,6176cfdb14d9501b6b9847237bf4e37c90bb3782322e80c023977fa6ec4fc0fe
data/raw/train/bean_rust/bean_rust_train.25.jpg,train,1,a0d6371863c3c4c0c576dd96588308b41d664cd56de831007f5bed0ace3a373c
data/raw/train/bean_rust/bean_rust_train.250.jpg,train,1,3ea7ab56be79522bf3864c820a2d36737760f8fa40009965d9d0e1c73473ca7d
data/raw/train/bean_rust/bean_rust_train.251.jpg,train,1,87f9932e3cbb4de0c4eda0e659a8d5d3271b1110568a6f229c6851400df05162
data/raw/train/bean_rust/bean_rust_train.252.jpg,train,1,51a2d7846d7095bce1f2949704565c2916b9e0af872cee4c7b454f99e2898457
data/raw/train/bean_rust/bean_rust_train.253.jpg,train,1,968c80dcdb1dd0cafcd7e3c36a72bf4f679656ab558ebd1463b937a912d25b04
data/raw/train/bean_rust/bean_rust_train.254.jpg,train,1,755379bf9dd796509db3e638505427b0003128e794f3aef391e7f94b99ac0886
data/raw/train/bean_rust/bean_rust_train.255.jpg,train,1,90e61583aaa44dde39a919b5ec50bab9af18c56d09d24de02e155a0b8d2dd508
data/raw/train/bean_rust/bean_rust_train.256.jpg,train,1,9f5c41396ab6ada81ed4f47ced96e44412bd01b5a8705f8f0b920271f3b2b091
data/raw/train/bean_rust/bean_rust_train.257.jpg,train,1,22e39ab17b553e0efeb01bcaf41cfab04ed771a5168a476ed2c92cede69b00a1
data/raw/train/bean_rust/bean_rust_train.258.jpg,train,1,7f435fd3eb66ba3dd3d531c11de640a33dac2fde2d2d1a16d54fd898bcb2cfcd
data/raw/train/bean_rust/bean_rust_train.259.jpg,train,1,d298cbd510c48a0f3944ec92aa55c5e0deb7c38dec67fdb0ce72f5c3796b64e9
data/raw/train/bean_rust/bean_rust_train.26.jpg,train,1,65127738463c6a46d50062104bc6bf4847d3608363f596d0fa1e726a8af669d6
data/raw/train/bean_rust/bean_rust_train.260.jpg,train,1,b4419217848673eab5e0eeb1502235811bdf8d6d928ffce5652940dac361b909
data/raw/train/bean_rust/bean_rust_train.261.jpg,train,1,1cd4a5279733616aad0e4d2a1ca7a8e2cfc396c1ab47d5ca10d765328401a95c
data/raw/train/bean_rust/bean_rust_train.262.jpg,train,1,59b6d8ecf8e06dc431997a50eb9123ceefcefcd695e7c8b67a5f962332eb31a7
data/raw/train/bean_rust/bean_rust_train.263.jpg,train,1,262c55deae11f130c957f444e03243364487289116613c9e57c71703eca72240
data/raw/train/bean_rust/bean_rust_train.264.jpg,train,1,b0b973229f7c4298de95675b6d174be60ecbac07b80c016812d36272d1882969
data/raw/train/bean_rust/bean_rust_train.265.jpg,train,1,53671ecf4d17736321eeab76d6609c5b0bd4a1e8f37ebede73e9e74202f564d6
data/raw/train/bean_rust/bean_rust_train.266.jpg,train,1,45003cb908bff9dde876ed217e7bc8fd72eb9ccf18d4e61a22b6084486588cdb
data/raw/train/bean_rust/bean_rust_train.267.jpg,train,1,4980e8aab6aeb7dde8741b72e3c73192e1f92e5bd4d998e270bd3f7610ba1615
data/raw/train/bean_rust/bean_rust_train.268.jpg,train,1,e33112ca1fb1b50de0aad7be31b3b3b0f56ce35f9e6baf66206498e80c9c2687
data/raw/train/bean_rust/bean_rust_train.269.jpg,train,1,6a5153c5bbbb800caf31e8b658b45b7b2e49164f9c41bd80bec7a44a8e9b5e20
data/raw/train/bean_rust/bean_rust_train.27.jpg,train,1,061f85b2e378860a5eb68f14b72d9b24db5b9db6a1ba04698c547bab6c12dd7d
data/raw/train/bean_rust/bean_rust_train.270.jpg,train,1,19b818ace77a2e2ecf47da49e2f0e4260b1e8feb5ad6b86a2bfc21342d3ae3db
data/raw/train/bean_rust/bean_rust_train.271.jpg,train,1,46e3d5fd7df5c700eb6f0fcee4638d7c6ab19c5fef4ed3748c6ce36b3faf0d26
data/raw/train/bean_rust/bean_rust_train.272.jpg,train,1,f90dcc6899594869bb3d25f35f1483e1ce2eddf53d34a87d2129a343ba6ce6f0
data/raw/train/bean_rust/bean_rust_train.273.jpg,train,1,32807a5eee9933bc3dc7de3aedd9228b54f3b39b60e2ff8fab81f20596da2395
data/raw/train/bean_rust/bean_rust_train.274.jpg,train,1,a82fa7dc1ff30d4b40d9f57f11a53236ea083a577ca0f18253db85501e15b39a
data/raw/train/bean_rust/bean_rust_train.275.jpg,train,1,cbad2d5858f4e15e40215c8f55f04a29e9cf264906047d378dcc56e67df58ae1
data/raw/train/bean_rust/bean_rust_train.276.jpg,train,1,b62e386bc839e0daaa263b03a66bd7e90b545ffd205bf1cae3c35de5c7372d34
data/raw/train/bean_rust/bean_rust_train.277.jpg,train,1,342fd77103a8a4912d0578095412ec105d98fe05f78136e4780da37148698ab1
data/raw/train/bean_rust/bean_rust_train.278.jpg,train,1,b76cc4932425ad1d6f44389598eba017279b2e350322f6b09a1fbc8b7d908b37
data/raw/train/bean_rust/bean_rust_train.279.jpg,train,1,39cf85adcc1513e153e732b930ac2367eee76759034cab8ae035597068328b26
data/raw/train/bean_rust/bean_rust_train.28.jpg,train,1,c37757fc04942211404b86d9483cbdf9c938d8441d7ba174ead9ec0d13a409b7
data/raw/train/bean_rust/bean_rust_train.280.jpg,train,1,9b16e75f03cbd2d280afac31baf5ee979ddd92676018f4caaf8d8837c2559116
data/raw/train/bean_rust/bean_rust_train.281.jpg,train,1,1a6567d89479c513b3e661a9b53d784b5e6ef5a7770dfe0bb3a9aa0e94d352bd
data/raw/train/bean_rust/bean_rust_train.282.jpg,train,1,b30e369a895855fc3933ac4c797bdb0a48669d6208825fbd3857b3c31ba2d151
data/raw/train/bean_rust/bean_rust_train.283.jpg,train,1,1bdb0becc633f5eb636a5b6a91ceef64c8f7ee11643cdddf47192707c47831a3
data/raw/train/bean_rust/bean_rust_train.284.jpg,train,1,4398821ebb94ae47f880b3571259958915199cf7fefe7b56978d66d71af7dcc1
data/raw/train/bean_rust/bean_rust_train.285.jpg,train,1,50a39c9fcdb52754d88ec2cb8b03721e675cdaf46ff915fb17e372883357d416
data/raw/train/bean_rust/bean_rust_train.286.jpg,train,1,98c2d034efb4506b6866e1cbffa146c0f2a0cccec24085eac94f052ff9e73c3a
data/raw/train/bean_rust/bean_rust_train.287.jpg,train,1,0b88486a020074c74e7c1eecd38385f0583a919a910b5ccc1066b7bef2418fe5
data/raw/train/bean_rust/bean_rust_train.288.jpg,train,1,2a8bb1445c165d119a02e2b8a98fa18e1595e53bca21556c656501f853c74cbf
data/raw/train/bean_rust/bean_rust_train.289.jpg,train,1,e3fa66eb92b977428e0f721757a6f2927f019dd8a6d9aa18c404a5f88b650ba4
data/raw/train/bean_rust/bean_rust_train.29.jpg,train,1,6aebaa73ed69aa533105c2f82942f227d86ce8f68c032884e17d482f29f05107
data/raw/train/bean_rust/bean_rust_train.290.jpg,train,1,0dd3614a0d4efedf636fcc986e460166586a5a696e4d399d3bf1faa85e241f16
data/raw/train/bean_rust/bean_rust_train.291.jpg,train,1,e4c26d8a858011206d676a5fbbe35287516c650b76ea7a8c2be9e73e1df981df
data/raw/train/bean_rust/bean_rust_train.292.jpg,train,1,7ef35541f380da3f0a1e08e315d164684d7bf3c698a3a35e197ce3b9ddd57e99
data/raw/train/bean_rust/bean_rust_train.293.jpg,train,1,ffe148bc831d813929679e6e5df3c7a6a04448104cbac2d2ddb3ef9802c5b720
data/raw/train/bean_rust/bean_rust_train.294.jpg,train,1,b3c3a56f438fd7b539216f657c2a1d830563cd0d4e2ad48a8b1168e89910064e
data/raw/train/bean_rust/bean_rust_train.295.jpg,train,1,2cea493fd0e96af8aa8f7df86ab81291cb600c6fe8da349fada5fe3cec029acb
data/raw/train/bean_rust/bean_rust_train.296.jpg,train,1,e583a77ab5251ea0c9e6b9c8e39dc28ec46330158eb4eff96b1f13c946be4650
data/raw/train/bean_rust/bean_rust_train.297.jpg,train,1,6d1c0e809fca0353fe08299fd83347b150c3f2bcea2fa9a418a8948009dc6f33
data/raw/train/bean_rust/bean_rust_train.298.jpg,train,1,021f73d6325f15ae3a813211ab919f0b3b54d7af108abb8b66993c6bc6903714
data/raw/train/bean_rust/bean_rust_train.299.jpg,train,1,7e177029eafb422fc4c36bac66730970e99512037211af1c249666bcb692ea16
data/raw/train/bean_rust/bean_rust_train.3.jpg,train,1,ac1d4c1083a88cdeb92250f07653cf31a1b9d6ea6a2ae198e3ff3eaef82fe37a
data/raw/train/bean_rust/bean_rust_train.30.jpg,train,1,452ece4fe17c001ffe7540c1e829e493022ddf42732d3565e3d004937d523ee1
data/raw/train/bean_rust/bean_rust_train.300.jpg,train,1,1da1a98d796d227c36f6e0fe5a4f2dd842fd74e87a7059b4dabf30a2706c6dc5
data/raw/train/bean_rust/bean_rust_train.301.jpg,train,1,26306d825afb1f852fb0051f7807947f2eb27b72318fc1e6b5db22073fc76cce
data/raw/train/bean_rust/bean_rust_train.302.jpg,train,1,f79c413f059d075ee12857caa00267023bfe092ad4cb54b7479ebd5fed5b6663
data/raw/train/bean_rust/bean_rust_train.303.jpg,train,1,62a931a24649a36811b0c990d38d47fb21f35acf13596335dd46c9ce7ff7a3cb
data/raw/train/bean_rust/bean_rust_train.304.jpg,train,1,3f9a6b9075e55bc1c7a39842b2bf87b3ee2f8ae60ba91c1c7ca85ccf1fbab7ed
data/raw/train/bean_rust/bean_rust_train.305.jpg,train,1,5d2ed3631c779b3763d4db856fcbcc4edcd64099364c17aa782b59fafd8b0c56
data/raw/train/bean_rust/bean_rust_train.306.jpg,train,1,cd7dd84b92659acef5c39a38a60d51260dbb4a83bc6e85212881c934586f9f4d
data/raw/train/bean_rust/bean_rust_train.307.jpg,train,1,81fe8a94ec1c7aa6a6fda6a169a96d2ed8ce6ad27f1e3437748d9140699ece06
data/raw/train/bean_rust/bean_rust_train.308.jpg,train,1,9302066fb9d265471ecea32bed5d711630fb44277c65994abf9bd2fa820d82cf
data/raw/train/bean_rust/bean_rust_train.309.jpg,train,1,efd9553e64dbf5b215f94ee60d3753206b76a072a455a24dd3f5cd6eaa2da662
data/raw/train/bean_rust/bean_rust_train.31.jpg,train,1,4afbec68862c6dd083b8a576821df1a20ae25e6b5691ed230a7c53ee687a4c87
data/raw/train/bean_rust/bean_rust_train.310.jpg,train,1,ae82753ae8dd40b1b5d1dc84fb4be499f8cbac2dd21552901fd7316a80a1eee9
data/raw/train/bean_rust/bean_rust_train.311.jpg,train,1,3579fca37dba77c8080d0cbd76135901e808c8b4b3213182f7128e82dd0a1639
data/raw/train/bean_rust/bean_rust_train.312.jpg,train,1,fe7ea1384aff7a4ca9026cfe5877b62480baa18a3d01a5653af029daf010a061
data/raw/train/bean_rust/bean_rust_train.313.jpg,train,1,42b050e8d5bbd0e2fa061ed99ea194783797d00a2ef0dbd18bb95c546d180706
data/raw/train/bean_rust/bean_rust_train.314.jpg,train,1,c0169044f5c1aa8e2e0336585cdddd699a53cbdaf9dc1a07baded64d19bc580b
data/raw/train/bean_rust/bean_rust_train.315.jpg,train,1,2232ccd50aba0cbe538531862e783dd788ea88eb1c0b905826268785a3fcd1e7
data/raw/train/bean_rust/bean_rust_train.316.jpg,train,1,c7d97a7b0c3b88f176659a709565f194211ca51390d042f7dfc5043798a7b612
data/raw/train/bean_rust/bean_rust_train.317.jpg,train,1,f3b8fd626b4a218aec910d0da66e9a4495add66fa6d9544f710d85c82d14d110
data/raw/train/bean_rust/bean_rust_train.318.jpg,train,1,f0d68c3e8fffcb70e5508722a73996d64b82ad4d35b406b2a5f87c810aaabc2e
data/raw/train/bean_rust/bean_rust_train.319.jpg,train,1,ec82ee023eed0b00914760deaed53f9cd9591c29ae8baf67a7dbfbda8051fd03
data/raw/train/bean_rust/bean_rust_train.32.jpg,train,1,8159a46b3b42889deb106009706f65bb11b66ee48d59717041be447b34b8477b
data/raw/train/bean_rust/bean_rust_train.320.jpg,train,1,9553566a87084488d201c5e1fd0b80379d26fe8cbdeb4cc328dddb339bff73d0
data/raw/train/bean_rust/bean_rust_train.321.jpg,train,1,f700b234ea1b4882e432236041d5a5ee5ca1ed2ae12ebf165d0a6fc62618e451
data/raw/train/bean_rust/bean_rust_train.322.jpg,train,1,31ed5652a281ec9508514e2dea5743103db24a31db9725f5ece30a2717113258
data/raw/train/bean_rust/bean_rust_train.323.jpg,train,1,bc67f02866497a4ae5547a4e7e466bba0ca5007c79bc509422fbdfdc7da3c02b
data/raw/train/bean_rust/bean_rust_train.324.jpg,train,1,7ef3524d4cdcc878e6c5bcb5436c80f6a61cd564c066f4a4e532cec39036782f
data/raw/train/bean_rust/bean_rust_train.325.jpg,train,1,27108971d44857a372d309ace90a9ee0c6718ad624a841c9400e8af52c99b584
data/raw/train/bean_rust/bean_rust_train.326.jpg,train,1,65a9239fcad63352a84326b60056763645b913d2f03632e1e186975a8c63e849
data/raw/train/bean_rust/bean_rust_train.327.jpg,train,1,ca481fee389e0c6cfff50a88ff1ab56711efae71bb851ada4b7c5700cb79bda2
data/raw/train/bean_rust/bean_rust_train.328.jpg,train,1,760015343bde8fae5aa0f8a67552413abd6a04c43c13e6c809bb8c46a4fef586
data/raw/train/bean_rust/bean_rust_train.329.jpg,train,1,08dfa7029bb4448c79999933952b22cb6f0b59324815f4d9dbba310fc1b2921c
data/raw/train/bean_rust/bean_rust_train.33.jpg,train,1,a4317a41b35bdc000fa3a80fa6f48906617f6e8584ce31b12e382ceb70c9c33e
data/raw/train/bean_rust/bean_rust_train.330.jpg,train,1,17c1ec7a07119eba816149ba38416fca6459f2a6ce15c80e5ba54e720b52146d
data/raw/train/bean_rust/bean_rust_train.331.jpg,train,1,1d544f76043e16224ae5487337960cf927d83e896c6c884058aeb213bd7aedf7
data/raw/train/bean_rust/bean_rust_train.332.jpg,train,1,eb85d23a4ac46e8efbae093e124add2ce42e07db593dd1ac2f0e6e9812e665ae
data/raw/train/bean_rust/bean_rust_train.333.jpg,train,1,3c5cf2e3d47c22110e6fd73793b91b7e6f683e4b70ff3d539b91d10b7349fa86
data/raw/train/bean_rust/bean_rust_train.334.jpg,train,1,e69e5d005b234c41a10fed6c1848dcc01e94fbf806705f6c60313f297c0a35fd
data/raw/train/bean_rust/bean_rust_train.335.jpg,train,1,de5277f475f82acbcef09bccb42c6aa8ed8e529a0b4e33fa954ad77136b5f047
data/raw/train/bean_rust/bean_rust_train.336.jpg,train,1,a662d3dabaa328d8f57f672434d65cbd599e5ac1bf159e90c025ea9dd9bb09fe
data/raw/train/bean_rust/bean_rust_train.337.jpg,train,1,161e5e48633dca2f0e0ca63e85540a34111b58965cff0e2abaab718358d528e8
data/raw/train/bean_rust/bean_rust_train.338.jpg,train,1,74d83ff39effc952c568ae26e100f0ef8a3205e61294f0a6f78ce0c58c80b34d
data/raw/train/bean_rust/bean_rust_train.339.jpg,train,1,09531641e64dd8a33ad1ecc8f8b128b8e23b7992ced9217ca1c51099cf00758a
data/raw/train/bean_rust/bean_rust_train.34.jpg,train,1,f3ddbd9d6cb127d089a4267913706d6ab33aa7eaa4012d56565a8ecb8dd4f035
data/raw/train/bean_rust/bean_rust_train.340.jpg,train,1,9a86e82b6584d7f03373b202f355362f3c62434202926163637848fcd14ef00e
data/raw/train/bean_rust/bean_rust_train.341.jpg,train,1,ab6652aa5adb1c38056f37cbc736333b02b1aa25b88a3f777295faef58dd3567
data/raw/train/bean_rust/bean_rust_train.342.jpg,train,1,c516d0bbecd2a493195e9572d271299665e5709dfb898f6fa60cd53b582ba447
data/raw/train/bean_rust/bean_rust_train.343.jpg,train,1,7c5b1d7df140ad7a0ddc1675f1b8b7b0f2a878380abb8a6e4dda1d8868239cef
data/raw/train/bean_rust/bean_rust_train.344.jpg,train,1,f58f9910f78ed7ce016257347f2de12083430f1605ff1ffc396bb4389d4473f3
data/raw/train/bean_rust/bean_rust_train.345.jpg,train,1,4db41c076d159294f7b3ce5ed1c8bcb96fe32e1e88a62adf24e386b3a775bffc
data/raw/train/bean_rust/bean_rust_train.346.jpg,train,1,85a1150802ec44364ca2c410d4236993a80a20d88d6bd927a8d70370cb19e57b
data/raw/train/bean_rust/bean_rust_train.347.jpg,train,1,e858f4ac3a716b935e013fddf8d028d2f25e7b500a5c7d51b01fe37d0e281567
data/raw/train/bean_rust/bean_rust_train.35.jpg,train,1,6930cf4a64f0ec6e3cbec6eef89752c16b6ce20ab12682a8bae9f0ee2316b6e8
data/raw/train/bean_rust/bean_rust_train.36.jpg,train,1,fd00b086f3eedf7052b209a0611864ba742679447bc6f8a3fed7bdd5ec68888e
data/raw/train/bean_rust/bean_rust_train.37.jpg,train,1,2075f0f85456a20033bd730ea24271c4d458177207deafab2fe6b2b55d1702f7
data/raw/train/bean_rust/bean_rust_train.38.jpg,train,1,26291c4f888eb9a2e9ecabb16da6b3eef3bb565b52593c0fdf47c92910ccd80e
data/raw/train/bean_rust/bean_rust_train.39.jpg,train,1,a10af02f0e5f40556cf7b02bf3f47cad905b88610b0835d3a332959a6ab621e0
data/raw/train/bean_rust/bean_rust_train.4.jpg,train,1,8e73d4e5a7d60fac969a3173000a621c3665605f2f2562b3f68259116dc2f0d3
data/raw/train/bean_rust/bean_rust_train.40.jpg,train,1,86b960d3d264a384e83c2207b672fb4d10987fff6af4715a03825257bf53b1e2
data/raw/train/bean_rust/bean_rust_train.41.jpg,train,1,ff5c83fcb5ff7b07fcf0df41a6f8ba4cc9a35213c9b17cf19b6bc187c0270283
data/raw/train/bean_rust/bean_rust_train.42.jpg,train,1,1d9b8a2653815691a27e9472ba16d39736ceef5f90cac8e1bc663020f012076c
data/raw/train/bean_rust/bean_rust_train.43.jpg,train,1,e5680fb53db9ab05ea77cc1d92bfa1d6afdd74382a675336d55e521ac42d42f5
data/raw/train/bean_rust/bean_rust_train.44.jpg,train,1,7fd35f283c242212819e5c82583538081976103098175a2003aa234b2e76177b
data/raw/train/bean_rust/bean_rust_train.45.jpg,train,1,d0b2b87da2e44be3603c89dd07bea66173b7cd882cd07ef6640086c1b991600c
data/raw/train/bean_rust/bean_rust_train.46.jpg,train,1,85c92f8a68daf73e13bfd3c4f47333de2a298d43bb5352685b8286cca43caa28
data/raw/train/bean_rust/bean_rust_train.47.jpg,train,1,a985ce3f6515dce03821a4d7f8397b8696654e5d2402cbfb973f0e4da4667922
data/raw/train/bean_rust/bean_rust_train.48.jpg,train,1,9315e3f5f23ec998b913f95caf6407e8abd14192ac5d40a35efae4aa39c18099
data/raw/train/bean_rust/bean_rust_train.49.jpg,train,1,34e8d4e995cc97939f7eceae938adb8e4606922471cc32ff5f56a1eb6d8a8eb9
data/raw/train/bean_rust/bean_rust_train.5.jpg,train,1,6c81de576ad5802fc2da9163482ba2de43f89b53de0a45c738c402aa23cfd94c
data/raw/train/bean_rust/bean_rust_train.50.jpg,train,1,184453282b331f7e07731efce1a9cf06f6f79199721676f2b529ca4a672c257b
data/raw/train/bean_rust/bean_rust_train.51.jpg,train,1,bd8bc7589157becdef989fc651feda5d5b4306a6ba1f6e583624e39c88e24e00
data/raw/train/bean_rust/bean_rust_train.52.jpg,train,1,4b6a94df260e10229d6353f78e07e22d03498a67c7dc9dce697ce8ea7f32b179
data/raw/train/bean_rust/bean_rust_train.53.jpg,train,1,89eefbd87daf05bf12de68c7a0eee75597675a5f93d095f254b26dcdbb74808b
data/raw/train/bean_rust/bean_rust_train.54.jpg,train,1,f20ceea61b0311967133b9d8fd0964ae2b7e33c6add676cdb1e38c21a126e527
data/raw/train/bean_rust/bean_rust_train.55.jpg,train,1,534dbe96878ec5446fe2482300a01683e5224d0dee2ea27972e2dcb98aa060fe
data/raw/train/bean_rust/bean_rust_train.56.jpg,train,1,e0b3bb27ca951cbf9b0e5fb2eeaee3d773dd9da8e723e5d59640059c0cc71692
data/raw/train/bean_rust/bean_rust_train.57.jpg,train,1,b66ca2263f626aa84a8c1f70a6154a1057eeb5c7f586ace0fc1f710bcb18eaa8
data/raw/train/bean_rust/bean_rust_train.58.jpg,train,1,2c179694d6aefc8f9ec93aaefcfa93499721ca5ce21b0fbbff037d0b160bad0e
data/raw/train/bean_rust/bean_rust_train.59.jpg,train,1,8af7b78f8d98d4521a84fe595358800df61f199c1b930d0584b8724311c89fc6
data/raw/train/bean_rust/bean_rust_train.6.jpg,train,1,3192e00a549bf971e4c68c6eea6dfaa0128dec18cfb7a9756415bd378e27cfa4
data/raw/train/bean_rust/bean_rust_train.60.jpg,train,1,99dd81dffb627269328710016bfdbca6780a6c7efc4a7107801d12e9bffc20b6
data/raw/train/bean_rust/bean_rust_train.61.jpg,train,1,934227bd0974f2e186f922fa8f578a335e1afc47eb8e5ce4eb83ec38681133ca
data/raw/train/bean_rust/bean_rust_train.62.jpg,train,1,f3cf3a8b78edaf91cc951e48bb7af1e146599dd787e82f3d1ea23aec2978758a
data/raw/train/bean_rust/bean_rust_train.63.jpg,train,1,407f64c3d0daecd1d459e1e1f032718e5461df29f0918cf53b72d7f92dac9368
data/raw/train/bean_rust/bean_rust_train.64.jpg,train,1,da3a2a011ff1d2d5603daa816fde62140aed8e28c1ec33d109a7dd76f652d836
data/raw/train/bean_rust/bean_rust_train.65.jpg,train,1,7257e1d100be3b9c7ef8ea93e5b688e8eff2cbcb1526f21c0d0be424c855038d
data/raw/train/bean_rust/bean_rust_train.66.jpg,train,1,1eb747e3c6286979dcdd40868abc3562126d91ea97513f180e8f054d4456cf31
data/raw/train/bean_rust/bean_rust_train.67.jpg,train,1,db4d30a5129584aa502b97a9003f35db5d06400e3fa3d61b983001c72f8edfdd
data/raw/train/bean_rust/bean_rust_train.68.jpg,train,1,8bbbfb89fe00d398e6416365b3ae663225d81db26a4ae76f7d9430a67eb1fb91
data/raw/train/bean_rust/bean_rust_train.69.jpg,train,1,748b625e722cb811510d476bae83199a66ec7b83599176c224ef4cb76c11cd18
data/raw/train/bean_rust/bean_rust_train.7.jpg,train,1,97fc980a16e6392038ca39fa612098177ef13a1b5d8df153ef0a988699c3a964
data/raw/train/bean_rust/bean_rust_train.70.jpg,train,1,16752cc07bab02fa361ec81bcef0c4e0d97e116b827b0d0884634ddb241d9951
data/raw/train/bean_rust/bean_rust_train.71.jpg,train,1,ed3d6cdaa850a9ce8d2eab0609f03d659ddb15a53d5e672c24815e55f95263d2
data/raw/train/bean_rust/bean_rust_train.72.jpg,train,1,4449d493fe9abdaabc588bf16470c8f666a27ea4e1c284182d78c0b6445aa7a2
data/raw/train/bean_rust/bean_rust_train.73.jpg,train,1,6e536e21ca3dee6011a9d4c94692af62294abd4aa0a1b4022f545fbde81afda9
data/raw/train/bean_rust/bean_rust_train.74.jpg,train,1,4cb52f727675b607bbb42230714e1ebc5e455b8d8074d3421242f61aea830118
data/raw/train/bean_rust/bean_rust_train.75.jpg,train,1,f0a8876cc24277ed3a55a33c6c287bbea6e1ff051807c794fff6b71487fffccc
data/raw/train/bean_rust/bean_rust_train.76.jpg,train,1,4f636434c8c8321577edce8cc83061d2aa067bf127640f48ec83e4d419073601
data/raw/train/bean_rust/bean_rust_train.77.jpg,train,1,804b47933519e0f7c78b9832c40202a49713e39d1ea45854d1f7d36fa4cfdd9a
data/raw/train/bean_rust/bean_rust_train.78.jpg,train,1,7fa8f66bff1aa6ac3e675e21c8e995e04f157a433c5c0c1e78c4d94e2fb15f9f
data/raw/train/bean_rust/bean_rust_train.79.jpg,train,1,2394d4de1a6270b474285f39b6853537fab424018c09bf592cc035ed2635ccaa
data/raw/train/bean_rust/bean_rust_train.8.jpg,train,1,57820c0d2d08ff7d1f25530bcb6aa4b4068166dacf345d84666f878ce19f497d
data/raw/train/bean_rust/bean_rust_train.80.jpg,train,1,38be9011d542fa558bfb9836f508f52e86cb1344d104b1b5d446bee113eccb6a
data/raw/train/bean_rust/bean_rust_train.81.jpg,train,1,6950ee47db3ebe8cd7cdb8dc55e584448ada00d1931d252751e713953e400c99
data/raw/train/bean_rust/bean_rust_train.82.jpg,train,1,7ffbd147e694956a414617cc372c3e9326b1e25a76bce6be772998976dadc396
data/raw/train/bean_rust/bean_rust_train.83.jpg,train,1,eb58b37ea40060818bd628c5507f97afa5197510221cb2a6bd44d80348048c87
data/raw/train/bean_rust/bean_rust_train.84.jpg,train,1,ac276a4f0c460fad838eca1749779768d245321b10c6b33569707c884b9a135b
data/raw/train/bean_rust/bean_rust_train.85.jpg,train,1,1b4fce0f5875ff17666533ee42df0428af426d77f02c6c747512275a78c7f143
data/raw/train/bean_rust/bean_rust_train.86.jpg,train,1,9eee5058292211fd078a9d6c323a17c8b4187a29e70628e1b96c9775403781c1
data/raw/train/bean_rust/bean_rust_train.87.jpg,train,1,65e082d295f8b727fcf8c67e719d36ac3b544b2af71e8e8f9457d6f485df53b4
data/raw/train/bean_rust/bean_rust_train.88.jpg,train,1,d27c5d72cdd844dfc0cfb0f0a5babf502841be78f1a9f8a69e990ca4a504e14b
data/raw/train/bean_rust/bean_rust_train.89.jpg,train,1,82f32077d8b90adab19566206fbf28d8dbfae1839e4ddbefefcce8abea40b14e
data/raw/train/bean_rust/bean_rust_train.9.jpg,train,1,b9a1b44edd0bc9d9cb0a67c94f3ea5cfa5a4b6a4d61867707ffc0d7ddfe0f556
data/raw/train/bean_rust/bean_rust_train.90.jpg,train,1,8f43313dd06aad432d75967a38a4287ae5b5225c22e4b79022d349bca72c5997
data/raw/train/bean_rust/bean_rust_train.91.jpg,train,1,417be81ec08bac769b36c28913838c7666ef2054e0a60522986400512124b29f
data/raw/train/bean_rust/bean_rust_train.92.jpg,train,1,ddf51cdeb42a597317eb4bff35c85d54c94cacd09c637047eafb4c23a2fae28c
data/raw/train/bean_rust/bean_rust_train.93.jpg,train,1,e022e17cac96eb90c2ce1de7e83ee794a0bc13ccb81dd568acaf5420e90ba9f0
data/raw/train/bean_rust/bean_rust_train.94.jpg,train,1,53206a040f73ee04951f94577f37607628bea688d46698c91b8acce5926db72c
data/raw/train/bean_rust/bean_rust_train.95.jpg,train,1,b3ec45839a32067f74ae9e70caea72d978fe5efa136d7cff1110b67f9951f772
data/raw/train/bean_rust/bean_rust_train.96.jpg,train,1,66d382bea439059c714a623d5c3209d4a74e1699e3a6cff2411fdd32167982e9
data/raw/train/bean_rust/bean_rust_train.97.jpg,train,1,e0954e8009de07b666c1b0c1d0f1517a638675dee82d9b7784e35ed9ad5008f3
data/raw/train/bean_rust/bean_rust_train.98.jpg,train,1,353a4eb80e1c9e39fbbd23d7b2d8f0a7cfc2f840b11ca2d93cc230aecc330d7e
data/raw/train/bean_rust/bean_rust_train.99.jpg,train,1,1192809aca220eebfc717a73377769146011ca7fe7fcf4a37a5aa469393303b8
data/raw/train/healthy/healthy_train.0.jpg,train,2,11b983b48030380737eba8a7d41cc773421261231d10b6a5f2ba0c54f06cb52c
data/raw/train/healthy/healthy_train.1.jpg,train,2,f71cda87270eae44f79944a73182529a0c550ec46e528b8538e059b946c3eee0
data/raw/train/healthy/healthy_train.10.jpg,train,2,29418969644b6c4c24b81760ad31119da54ba17ba78a206d66739502f947d3c7
data/raw/train/healthy/healthy_train.100.jpg,train,2,d3c1993a6dbd70be0c70199ce807c4fa58572693ac42d8dc0eedc7e61a55b554
data/raw/train/healthy/healthy_train.101.jpg,train,2,d7aea27f46ebe06b560f8e3e39323f4d0d19c9a3c7877eaaa374d22515be573c
data/raw/train/healthy/healthy_train.102.jpg,train,2,bb9bdedaa2bbc382cc66bd1811fc3e1810697932270122af6c52da106e9d8d43
data/raw/train/healthy/healthy_train.103.jpg,train,2,4efd399c166d0336936dbd619224f915fccb1bdf3f4293cc0edf08d2789fec13
data/raw/train/healthy/healthy_train.104.jpg,train,2,364e9fecab0bc7b7d18d3ba1b485b81c13897e724cbcde3ec2450738e974aaa2
data/raw/train/healthy/healthy_train.105.jpg,train,2,e34cee25f01cc264e8b01545d3e84cef650c3408d02944cec8d05f3c7299d192
data/raw/train/healthy/healthy_train.106.jpg,train,2,23754eb5acf7d10391d6f7990143eddc443c7bab324ee6cdec98f95d6f29b8df
data/raw/train/healthy/healthy_train.107.jpg,train,2,90d8de73bd5cd7d0b9778df27da7e6107518951f525b1f1e8415a3e3fffe1817
data/raw/train/healthy/healthy_train.108.jpg,train,2,6e5c9898aa704b1d762448377dc3b86adab6df2b57d3c11db6b1c81479f6f888
data/raw/train/healthy/healthy_train.109.jpg,train,2,8ea68c6706776b4987521c81c4dc78fa13a6c3a2501e5f7c9157755ed584caa4
data/raw/train/healthy/healthy_train.11.jpg,train,2,b4d3fe6860238abab0524316137379a6318f0d07d92244bfa4354cb9263840ac
data/raw/train/healthy/healthy_train.110.jpg,train,2,45ce10388b715f659cdb3aa8bef63bce12f577db0485b4789cbecbb84804d97c
data/raw/train/healthy/healthy_train.111.jpg,train,2,cb25ad734bfa89cacf56e007728da8e32b0c983660bd5d13fcff8e10f749b2c2
data/raw/train/healthy/healthy_train.112.jpg,train,2,20a06e982c33cf00afb400f8e0c9b10dc30c1d36bb94c5d27fe770b1676c22d3
data/raw/train/healthy/healthy_train.113.jpg,train,2,3ef60829f6672b42247cb47ad51d671bddc9d38ad57d3f76731a3e1425ed19de
data/raw/train/healthy/healthy_train.114.jpg,train,2,95f081d50e02c3f495a918a12b1d58406d93e5fe4c18c91caec43635f25f0e0a
data/raw/train/healthy/healthy_train.115.jpg,train,2,3fd91f87cde65a57c3c1117b3c18a924197c438aa1fe7e255ce1c721240e1167
data/raw/train/healthy/healthy_train.116.jpg,train,2,e3f00e2c5410a8a98e6692e4e28479ac83d0faea0b69949878368703e4485f6c
data/raw/train/healthy/healthy_train.117.jpg,train,2,fbcee063b999c35f5349ce3f418001f8b47c606e776856829eec8fc765affe68
data/raw/train/healthy/healthy_train.118.jpg,train,2,8c999e4abbc1e2434f28baeb56ddb29af3cdf58451c487d52e9227684cb6b097
data/raw/train/healthy/healthy_train.119.jpg,train,2,1334c86be0fa84ba3db516df264a5eda731d91f84dd389cd30afb2c555dc3f38
data/raw/train/healthy/healthy_train.12.jpg,train,2,5f905c6f5e9607efc0a0657e7c770a8358c9d402932c81a7a192d9de3a369c6c
data/raw/train/healthy/healthy_train.121.jpg,train,2,37f2275191d0e0e340963b7926042d4556ffdb42d8cf8de677238da15f7a3524
data/raw/train/healthy/healthy_train.122.jpg,train,2,5ade5d14beebe3b81d1caaa76914ba951fd134b892ceca380182c3597e2170a2
data/raw/train/healthy/healthy_train.123.jpg,train,2,ec462f9f214e4c842315a191d0c87eeecac4d9a80a4670999718c7c080db921a
data/raw/train/healthy/healthy_train.124.jpg,train,2,2ebc430b8f4e74502e35b5e45f4038693cf580feb439f559df95dd12be58115e
data/raw/train/healthy/healthy_train.125.jpg,train,2,5a986787b8d841de33c1d83137bc0b09505a5b8d727107100d5b56d8b56227f5
data/raw/train/healthy/healthy_train.126.jpg,train,2,d418733cb4a088d1bbb23921c8d5e38fead53423e09cc8b0db6fa2564dc62b55
data/raw/train/healthy/healthy_train.127.jpg,train,2,6b1a6ec4a0ccc6fcd1a4658a1f6886a123d72cc60bcb7f44755ebceeeba14adf
data/raw/train/healthy/healthy_train.128.jpg,train,2,408f2653fd466d91ca33ad0f0a8def81e3a2d18a968f40c5ef51fa0603d1c2fb
data/raw/train/healthy/healthy_train.129.jpg,train,2,f83b6f0760aee3cf151fd0402b8ea321f963d3a556ccf02a96b5c597c0d076a5
data/raw/train/healthy/healthy_train.13.jpg,train,2,9f3b7ef70c41e07b007e0ea9db1c8e8cb2a09ce432d43d204b9a9382bbf7b669
data/raw/train/healthy/healthy_train.130.jpg,train,2,dd630d724b7569acd917feb3df9d45085c14e6235236b3af5745ebdc8c439780
data/raw/train/healthy/healthy_train.131.jpg,train,2,3b1fe8c12d61b0564f37a0fdcb11aca035341b92f074fa227954c7c344e06116
data/raw/train/healthy/healthy_train.132.jpg,train,2,aee7755b6594b1374c3128b5d5237187f9a4b2f0a5be739ac7f0cc51590c925f
data/raw/train/healthy/healthy_train.133.jpg,train,2,40e0ad14a2c268897385aa1cd1c371e59bde35e7e889c2024f55c40585a5316a
data/raw/train/healthy/healthy_train.134.jpg,train,2,c1cfba66dfa7a0b3f3d4ba35602c7acbff293cdc9903b1bfa06d678cbe5ba168
data/raw/train/healthy/healthy_train.135.jpg,train,2,25659f9078c5c29448ead422dd440bcd2c2d3f3749313dc41e0d20454ce2f72e
data/raw/train/healthy/healthy_train.136.jpg,train,2,73a2cf247061f44fd3bf7bfcaa2dc0784aa627932cf4f9b1e340a6542e996476
data/raw/train/healthy/healthy_train.137.jpg,train,2,220bd0be1ed07b7f1601a21f920cb8c774d24529dc3d09325f54359f7854626e
data/raw/train/healthy/healthy_train.138.jpg,train,2,4fddd508b40d900fcd44e8537480d5fc3c4e966e87c91f8792536071a7819227
data/raw/train/healthy/healthy_train.139.jpg,train,2,1a231451e276eeb33fc85858f958b171c08e09f44a5fe24a40adb16b2b5c294c
data/raw/train/healthy/healthy_train.14.jpg,train,2,586554c58d74ea643e2457d23c0e32f083634ee5aa6597d296299ea086a4fd70
data/raw/train/healthy/healthy_train.140.jpg,train,2,4b0bc31243e56f38244f66218c962496aec402999827cbd4fda2c07b7eb75f8f
data/raw/train/healthy/healthy_train.141.jpg,train,2,4a0bfd3e6e575080d94694c3436862c31c76a4bb6c37eb0ca9e45f6c9543e3a1
data/raw/train/healthy/healthy_train.142.jpg,train,2,b29be258842e15b432148b6849076ed9f78867d3b8abb87ade1cb6a61b34f38a
data/raw/train/healthy/healthy_train.143.jpg,train,2,5846a23559a2f18f083a24f0be8877175bdcabd7764a6d8984f57436d58b4cb8
data/raw/train/healthy/healthy_train.144.jpg,train,2,bbfaddd56b2e39352916cbc454f9fce70d7d95f1a325d55728bfa82a717a23f1
data/raw/train/healthy/healthy_train.145.jpg,train,2,3037efcafb0ed094beef313572e586726abc4c41aa406587c8fc8dce9d277f4b
data/raw/train/healthy/healthy_train.146.jpg,train,2,bbf9f386451735a9ae55d44cbf1ab650058056adf48876281a04a2f3a9b02819
data/raw/train/healthy/healthy_train.147.jpg,train,2,d704af6b59480e3ced410d2664a6c734d1f679e74ae2fd007f2f252ab7af078f
data/raw/train/healthy/healthy_train.148.jpg,train,2,44095e71f6ee91b733824aa26f5c0bde25d89433b0c41d4eed0a1607bcc277e4
data/raw/train/healthy/healthy_train.149.jpg,train,2,310a34dbd4fafe9aefb29b1967a7693e96f20ada88919783cf1bfe1bede77057
data/raw/train/healthy/healthy_train.15.jpg,train,2,ebb3248de4af9c9913164def3960027df8076f5d348f4206aa98e565b44e2c59
data/raw/train/healthy/healthy_train.150.jpg,train,2,a98de5db2db3d5a6ed16fd8117e17c4f8fbcbb7f08d068e0a7e66a51b663668b
data/raw/train/healthy/healthy_train.151.jpg,train,2,6b295b4b5950901ce810dc7fb88bd9598e3fdd532a79fdeb7b0bd03c45aaf023
data/raw/train/healthy/healthy_train.152.jpg,train,2,a5bd7fff59684bdc193ec7bc02f8694db6be50f9280492f780e5122197e2aee7
data/raw/train/healthy/healthy_train.153.jpg,train,2,890c76e2aafde7811950f8d09ed88939e8464ede0287146a4e8604b54769f691
data/raw/train/healthy/healthy_train.154.jpg,train,2,a83fe353ff85ee4870ed240e1c0fa803318dee0da06dd3041191689dec81c1f2
data/raw/train/healthy/healthy_train.155.jpg,train,2,deac3bd31902e0644d58659f35a195a10487fa625f3ce7c8c8f8f78a5285cc91
data/raw/train/healthy/healthy_train.156.jpg,train,2,73755c9d0918402ed3983144e6e1ff432657115a62f90dcbbb870b5f4c900d4c
data/raw/train/healthy/healthy_train.157.jpg,train,2,8c85033887cb1b0b278f2ae3127c8e49624832e049318db8033c5835701255f4
data/raw/train/healthy/healthy_train.158.jpg,train,2,400f5a7e6cbe142ef8e4a12b28d82ab351dd1609c3fa892e37cd276d7e2aaf58
data/raw/train/healthy/healthy_train.159.jpg,train,2,8fb84e0a68f84ca401457a6c8caad6c4ebf611d34b1c28f46eec8705543e767d
data/raw/train/healthy/healthy_train.16.jpg,train,2,bdf714c3c27516b02774b8db5ffbc1225711ce81434934e5e869f8973f1620f7
data/raw/train/healthy/healthy_train.160.jpg,train,2,58a4a8951f69ef7f5684bddd58d461426f0cd22b932170b78562eff5a3058305
data/raw/train/healthy/healthy_train.161.jpg,train,2,b82918b410ae0297c86e1081a784bc743c130fbe83481dfcbf63a3920e073a46
data/raw/train/healthy/healthy_train.162.jpg,train,2,6acda4def075d6c58e8ea10c9018a2194e01585f75dbc2c05852184971fda0a5
data/raw/train/healthy/healthy_train.163.jpg,train,2,0356fe631ba7e0815a84d54e307ffd183dd75b2c60c9a0564cded7a7fcba7fd7
data/raw/train/healthy/healthy_train.164.jpg,train,2,5588f2c58444b9dc22c5425e0321edc846fc7c5bc6ec3cc4962d24549cb788a6
data/raw/train/healthy/healthy_train.165.jpg,train,2,e163ca0bf7f0d01f66497b9e15757c56ceeb6140b0425103ceaf25690c99213f
data/raw/train/healthy/healthy_train.166.jpg,train,2,04826e0ee9d60054cdd1cd04e34f6ea69d60d7c92719ea22fb82cde602f2cc61
data/raw/train/healthy/healthy_train.167.jpg,train,2,d35909c24644a682c9f150965a92e725034a7ec23463ed0ac998fed3e7e1611d
data/raw/train/healthy/healthy_train.168.jpg,train,2,3524f11de5247f5ca6ca8a64ffafe2b25e992d57e097c06074f32283095f57e4
data/raw/train/healthy/healthy_train.169.jpg,train,2,135834bf7e14910e33f4a937dd823359a91bbd16dea15959bfddf63b148c61db
data/raw/train/healthy/healthy_train.17.jpg,train,2,c90ac3e467f0c486f8c536a908ad8c59788b2f4f5e8385f741dc9a96c0b47481
data/raw/train/healthy/healthy_train.170.jpg,train,2,410ea5fb37d7348272a7319fac781ea4d67f72faf2d52ed346976ab5119fe713
data/raw/train/healthy/healthy_train.171.jpg,train,2,3725be6d57d6d5c82f59207cc97118aa0c1b371c183eb6fac4deea32872f12af
data/raw/train/healthy/healthy_train.172.jpg,train,2,1e18a167637040484d8f224a70435dbda4be012bb1f38a09b742bd26a078e10c
data/raw/train/healthy/healthy_train.173.jpg,train,2,d357f343ab7670974724820e8851f001ea9e1f63f894d4baadbd959967571a4e
data/raw/train/healthy/healthy_train.174.jpg,train,2,c0f682e2c0c327ee5a5e95e75b39b40c7b60d4a3817d9d332484735cb0da7c1e
data/raw/train/healthy/healthy_train.175.jpg,train,2,1f26a2a4187556720847942da921fae88f16a98b5c274693331c64b8659d9f4e
data/raw/train/healthy/healthy_train.176.jpg,train,2,5b0254dfed950b095cc059a9272f7b7b952177cc321bef0d0056c2f95e36724b
data/raw/train/healthy/healthy_train.177.jpg,train,2,c0362b0ecde4f001cd9e786f059bd659f2674ad30d611c6e05388c090caa58d6
data/raw/train/healthy/healthy_train.178.jpg,train,2,5af1c94f07b8bf1e80b03c8988b98839edeae0231d06ab66c56d592f1730e020
data/raw/train/healthy/healthy_train.179.jpg,train,2,c4414ecf118653268df7ffadd4eb8d2bc5007760f37e184621b06601d28fab85
data/raw/train/healthy/healthy_train.18.jpg,train,2,c6e0210be1712fb575ae8fd01fe4756ad2bba57a4d4cdf8e7832facd72548a46
data/raw/train/healthy/healthy_train.180.jpg,train,2,0016547f5207529143b007e615e025377cd7f13ffd8d44c437c8ae4e49e6a9fa
data/raw/train/healthy/healthy_train.181.jpg,train,2,404cc50c87f26648e48b14d48723e01007a5e8ad3fd82c1f1066f035451fd50e
data/raw/train/healthy/healthy_train.182.jpg,train,2,d107b9bcc262ddc31277881be3c0173318fa81b0804954bd9d3ae202ac17f80a
data/raw/train/healthy/healthy_train.183.jpg,train,2,d01689497aeb956768b31e954e6681b63a98fdd2ff2e986e36263b04cc590313
data/raw/train/healthy/healthy_train.184.jpg,train,2,0da821f552c5ce56645f780d308469f2868748c9a6b28d0168ca78a0a5f4658d
data/raw/train/healthy/healthy_train.185.jpg,train,2,6fd2717951d3766142cd9a882424a901df3f79fd94677f15d415e48228315b55
data/raw/train/healthy/healthy_train.186.jpg,train,2,0d62ff3106888e4e3c6aaa0afa34ba5308fccd7e53892ebdfdd4c3daf8a53af1
data/raw/train/healthy/healthy_train.187.jpg,train,2,e60329f6675c50ad6b08ea934297e0b8fe07249196072c9e2fe2d1c2b25c26d7
data/raw/train/healthy/healthy_train.188.jpg,train,2,6bc58f55084dc74047aeacef319ded59be691ac899710016cdcfec94d17667c7
data/raw/train/healthy/healthy_train.189.jpg,train,2,b52308285db68b4b0fd436488bd62dc62bf0999e7bc56fc9f23779aff9fa024d
data/raw/train/healthy/healthy_train.19.jpg,train,2,2356c8ebe76fbeac3b4bb9fb872ad4cc2db3499352f7b02b5556502d28e1bf80
data/raw/train/healthy/healthy_train.190.jpg,train,2,bf1f44d01a38389b8a7185fe32d62852068d25fdf668e4d5223b77733249b36b
data/raw/train/healthy/healthy_train.191.jpg,train,2,93618332b346dce2ac9eb0d49ac6b77703b072c24fc77086cc533f32a9a8e5ed
data/raw/train/healthy/healthy_train.192.jpg,train,2,ed196f082df051dcfccf345802edfae9dce6b25c63f8ab8249d68d86b8cda511
data/raw/train/healthy/healthy_train.193.jpg,train,2,97472b0d10aed1a6f5e973d7bdf5057c5ce888453a01cc7737bdb9c1d77550a4
data/raw/train/healthy/healthy_train.194.jpg,train,2,05d8a99cc85b8d585132a35e168318c57017be97bcedfbe5b7c2b82f7252c014
data/raw/train/healthy/healthy_train.195.jpg,train,2,2ea4b70b08425d6e6e33f7f8c2a74539dfb49b44f9c82ade4cdc52ed257f9b5c
data/raw/train/healthy/healthy_train.196.jpg,train,2,df6554fb8a5d498a52f17a97dd69c13697e2becfdcf004ac9c770a360b1d5cf3
data/raw/train/healthy/healthy_train.197.jpg,train,2,b7485a7646adc8729cea99143ff40a047527902072be5cecdb24cfe91157613a
data/raw/train/healthy/healthy_train.198.jpg,train,2,49a5529ef8e1f42cdc95b91756305d1a7524431b1aefc9588931410e4a02dde7
data/raw/train/healthy/healthy_train.199.jpg,train,2,066f803be25955a47f9237f6686a25bde7c3ecf0748a96b80078cb50e2209a68
data/raw/train/healthy/healthy_train.2.jpg,train,2,f9ccb32cf2e18958e720e63dc192965ed9a4c605ae050a1d9ff1ac53caed3b70
data/raw/train/healthy/healthy_train.20.jpg,train,2,6aa08dc62770898ebd9df518c34413c8e2a0ce047a8f46ca605106a59a449912
data/raw/train/healthy/healthy_train.200.jpg,train,2,c4e24f5e1c9d610cd829017b03e7d4d60e6d93688c05e71549e44cd9483eaad3
data/raw/train/healthy/healthy_train.201.jpg,train,2,3d7241dc52838757250e69145a92a3829abd2d980136d1b0d9507b1efb5d24d3
data/raw/train/healthy/healthy_train.202.jpg,train,2,4e37a7a21b8ca1cbfc8fa424316a3e121bd812c0c7311347926db5203c92e4c8
data/raw/train/healthy/healthy_train.203.jpg,train,2,66a0a81b67cdb0eb618e92169ad4ebe69fe836ae008afea314d5af7df650dbd4
data/raw/train/healthy/healthy_train.204.jpg,train,2,c3ca0dc6ccbd74454a39dff76d31de5b620e1627f64569f7c65fc9398b35da0e
data/raw/train/healthy/healthy_train.205.jpg,train,2,79cc5941b6d4d255971b7d7aa09813e452d52138be9db41d98e743d8a13173ee
data/raw/train/healthy/healthy_train.206.jpg,train,2,806f7c4893f6d05fbf76c3162eb2c55600b1fc7a2cbd36302140e6f2611bc8db
data/raw/train/healthy/healthy_train.207.jpg,train,2,295b6cb62002fa9563200413712f4e76afa9cc80a3c24b54814a842782099756
data/raw/train/healthy/healthy_train.208.jpg,train,2,e18dfc152abf7646c8d4545ef70e13d8e5b7831679c21c090f793f004a45d77b
data/raw/train/healthy/healthy_train.209.jpg,train,2,e3c51b1c91449912cf6fca8ed9842a5e6f5da9fbf29eee44f6cf3e885cf96dd3
data/raw/train/healthy/healthy_train.21.jpg,train,2,3b269db5429d150b4189a0388c1bd7e80cd7dcc65e15a30f09961228b9c0eaf2
data/raw/train/healthy/healthy_train.210.jpg,train,2,eb3fbbeb56899a8e67a007ccf5506cc9e70e21fafccb8e77e0d2e53048db4981
data/raw/train/healthy/healthy_train.211.jpg,train,2,b8db16d7ea4cb83a29083cee9675c536bc2b1a1844cc62abedf233cec45a54fa
data/raw/train/healthy/healthy_train.212.jpg,train,2,b57670740a51a55fd80d810fc1e109d4af23c323c3f55c247f40c89a4af87ff0
data/raw/train/healthy/healthy_train.213.jpg,train,2,27d02c8eb53274b484738322eb4308b489e56794eb7487928424ec1bb2199068
data/raw/train/healthy/healthy_train.214.jpg,train,2,a00b5727de4f000d8f6fd550e70c4d28e7592778019b5def94bfb48bd2dc3bcb
data/raw/train/healthy/healthy_train.215.jpg,train,2,1a5c72001a31232e11a8e42230edd576b7b621e68f20ed8b3da95368025ad8b6
data/raw/train/healthy/healthy_train.216.jpg,train,2,936c0778236ad9f595e30c837c5c16fe982f5a08014041bfcf2705cb9849b9fd
data/raw/train/healthy/healthy_train.217.jpg,train,2,e15e9383716bf416c94707d1c824eacbd20c9a70271a2902b58f9f93c2a41dde
data/raw/train/healthy/healthy_train.218.jpg,train,2,0533de23895a2dc0d6985854ba2cf040fa292f31a188d067edc2896d62aa4e66
data/raw/train/healthy/healthy_train.219.jpg,train,2,1710afa570f40777f9f69ad935e3c747fa93770928590d26302934a8c480b786
data/raw/train/healthy/healthy_train.22.jpg,train,2,ea68b348c96de9362baadf44b579f9005a433b3ce97f1a0a36357cd877c7d1ea
data/raw/train/healthy/healthy_train.220.jpg,train,2,2cca006461b0dc8bde874fa311c04a03e04a2ba742fd30601e6fa45648c3d88e
data/raw/train/healthy/healthy_train.221.jpg,train,2,af86ca3e64d68f534befd113e3a5e4c577f51569de507c91cb40fa6d787d232b
data/raw/train/healthy/healthy_train.222.jpg,train,2,5c66675b8f50c7b2f3f0418ae05f32a621b84fe235b0dfcb009cf3045bd7e048
data/raw/train/healthy/healthy_train.223.jpg,train,2,1125326ccd8e82d4d446fc2773d7f355ad374463c160fab5502ff63040be8c8e
data/raw/train/healthy/healthy_train.224.jpg,train,2,bd60e3aaa6c6c59d900f807cb8387bd2bd8d392d5b2e2ff5855b5020a73c67fe
data/raw/train/healthy/healthy_train.225.jpg,train,2,9ca2479c44e7d70acc263994d4aeff7d317db4633ef4c0adaa55a7104ee0e67c
data/raw/train/healthy/healthy_train.226.jpg,train,2,eb64e97c8050201d2ee4d9be675036bc3b222613ef6075734b628d286bf7c74c
data/raw/train/healthy/healthy_train.227.jpg,train,2,468dbbc188e5b72ce11a48a62e97fe65dddf4f01b852f78ed0e67a439e9461b4
data/raw/train/healthy/healthy_train.228.jpg,train,2,b5e28ec805c636116d1054b8976fe43b6cc2c253e0b5b20dcdf9e9a350a64586
data/raw/train/healthy/healthy_train.229.jpg,train,2,39f74af5981a241d18a530052871afc2dc8eb1f0f8fbaf85370998f4f990a700
data/raw/train/healthy/healthy_train.23.jpg,train,2,0bc8094bb7203d15d06b7073ad8400ce7d63f11babbac68503e5bdefcd19de1c
data/raw/train/healthy/healthy_train.230.jpg,train,2,596c1ec6c2a31bf257658aa44d353712edd9002149dd8d9338465045eb75cbf2
data/raw/train/healthy/healthy_train.231.jpg,train,2,76459a517dc1fecd8746b40d3a8ddab78df4ae385756e87f50e083cd2c295161
data/raw/train/healthy/healthy_train.232.jpg,train,2,03d034db2c7c86c165c8cfb7559de5b11843737ab489e350d2a69fd5a0bddabc
data/raw/train/healthy/healthy_train.233.jpg,train,2,e0a7d6c39476a463416252637ed95ad2b7df010ebae210c3844e7b53d1762e8a
data/raw/train/healthy/healthy_train.234.jpg,train,2,ae9593b000885ddf4e5bad6a727bf2995f4177afe5a042376fe7ce5a9a0e2fb9
data/raw/train/healthy/healthy_train.235.jpg,train,2,5cdea52c320392f18ff2dd0001f95648d6c4794089933309619715f76f29cec6
data/raw/train/healthy/healthy_train.236.jpg,train,2,9e255dab9d104196b7e6a0e732a05ef16221ed7b47aea628f501a42406c994f2
data/raw/train/healthy/healthy_train.237.jpg,train,2,f9ca1d90081d416b5553dcfd7062762920fe92ef241e9c46ce1fefad30d90a59
data/raw/train/healthy/healthy_train.238.jpg,train,2,76c7542272dd4c3126ae2d1d714cda497952bcc413d97913c755da9ec3bc9de7
data/raw/train/healthy/healthy_train.239.jpg,train,2,561dc4915ec22f61e4d588e18db942b51b83fafa056190e05edcf1ec487f8bf3
data/raw/train/healthy/healthy_train.24.jpg,train,2,6f221b4808df291c199770c3a583fb68802d2e75c5f8a9112e8f1dc3514a9d04
data/raw/train/healthy/healthy_train.240.jpg,train,2,6b36a0eabb3f3c8333336b67e42813df116023fd1e922783d7405f7831bef20c
data/raw/train/healthy/healthy_train.241.jpg,train,2,b64201a77d1a0d71dc68642665aa8ed881f20a2922aa47ae1bf02068a3a6db99
data/raw/train/healthy/healthy_train.242.jpg,train,2,04bd06e9c5dcde8b54671ad10905ec8e48e7093a2296906325e19d6f3784c777
data/raw/train/healthy/healthy_train.243.jpg,train,2,bc36dc2b867d14fc8dc1ff8f423afa65f270db044085570dc19bc1edd19aba94
data/raw/train/healthy/healthy_train.244.jpg,train,2,8ca705e020d017c9326d1120c9864026bec30b3d66f787feaabedd3c26c22b40
data/raw/train/healthy/healthy_train.245.jpg,train,2,5beeb3878a9b53224f1cdadadfd5f736c47a991838d47efc7f94974491779258
data/raw/train/healthy/healthy_train.246.jpg,train,2,a7a8a09070c6eaf7196eab78f7e7186065e5d345754e2ca6b57c09b3b3597f22
data/raw/train/healthy/healthy_train.247.jpg,train,2,4694bbb38362e226f64632870fa77dc5c48a4964e45c6aa25e07db669b85a467
data/raw/train/healthy/healthy_train.248.jpg,train,2,f0b1c2414339c4073525ac1b696e566564f8d8cc6ff959025f1b66d17ad568c8
data/raw/train/healthy/healthy_train.249.jpg,train,2,51f82a8a8bb3db56a82da07e0c87e79c91371c818c85816df655f2f1f37608f3
data/raw/train/healthy/healthy_train.25.jpg,train,2,60f20cd2bde9de4a7bbbc643c57206cab0fc7095232cc544a1adc2abb3213f60
data/raw/train/healthy/healthy_train.250.jpg,train,2,bb09b5b55ec0b2253d3c64da58ec739f21e302c4c8cd7de50ea1648cd0245e0a
data/raw/train/healthy/healthy_train.251.jpg,train,2,857386c7f6a82dc0b4f62cfde13f8e88451b9251211be26dbd6ecb2201abf2ce
data/raw/train/healthy/healthy_train.252.jpg,train,2,99608561c884dc334c92f3c3d6f08fe1bc08ed94daa40698e1d629bd83ec5d96
data/raw/train/healthy/healthy_train.253.jpg,train,2,948fea259b4f68395603744de209f9cf7b2f471e3453df398addd814e3c7bbac
data/raw/train/healthy/healthy_train.254.jpg,train,2,1f21fa33271509552998728456568ba59cceb92ee2616d618cb1083b6dcc065b
data/raw/train/healthy/healthy_train.255.jpg,train,2,8605a7e6b00c0b0fc748fbcf0595a4e2d1a5b75de303116e8da39aa7557acf00
data/raw/train/healthy/healthy_train.256.jpg,train,2,af6cf4ff71409c920865b1a80f7dce26a58816dfb41158bf89999116e3bd3ec7
data/raw/train/healthy/healthy_train.257.jpg,train,2,b88c0a826e558414356e716aa4ea06d858f593f309f06df5b941e82c697720b9
data/raw/train/healthy/healthy_train.258.jpg,train,2,204ceb957caf7cf45e670292df8c7ec403f17d7596ad2ef1489e826eeb4b373a
data/raw/train/healthy/healthy_train.259.jpg,train,2,d2d9e3334349c5f539b5c1a2e590f4318e62a05cab87e5430fc44d9526125937
data/raw/train/healthy/healthy_train.26.jpg,train,2,2edbf7d5caca94553feb574acd07c7c7006af75d2c831ce776a5d9d9619e94f9
data/raw/train/healthy/healthy_train.260.jpg,train,2,374fd9b1b9e7340b54fe4266ef16ba47a0dbf07c67de4627e27b299f1e1d6ab5
data/raw/train/healthy/healthy_train.261.jpg,train,2,7cc04d5d68a1efcc67b6801c4eece078475a78750858d39f0576a563c7e2a6bf
data/raw/train/healthy/healthy_train.262.jpg,train,2,fea0955639f8272486d7a08089465fa5ae2181ee812d62dcd1e6c5ed79cc1623
data/raw/train/healthy/healthy_train.263.jpg,train,2,336241e58bf67532352081fd899aa76ef9779b62909e63840ad5594228e7ad54
data/raw/train/healthy/healthy_train.264.jpg,train,2,926abce7f6eb92276ff6041e9767805c6de448debfb3cd89141b79ca4e5a6760
data/raw/train/healthy/healthy_train.265.jpg,train,2,5c4ee8345b836684caef04045acbbc1cf72b1985fc81ad26e0659cf36ca9737f
data/raw/train/healthy/healthy_train.266.jpg,train,2,41a1f2477ccc9ebd8fcbf006c0629d2f36fe2d4ec1b3bcb3b0d2a9632ee8e759
data/raw/train/healthy/healthy_train.267.jpg,train,2,c1d16e2c8835374571e6feb3479728edbff5d468324bfbffd8a13cb482c4aea1
data/raw/train/healthy/healthy_train.268.jpg,train,2,4affba11a1a09cedf7d31555eed4e75651860f8ecc678caf8aafedb1dcc8f98a
data/raw/train/healthy/healthy_train.269.jpg,train,2,35772d23e9466e0407dc2d0e125e9182eff46d913e565943d1bb6c6a0c8ecfa4
data/raw/train/healthy/healthy_train.27.jpg,train,2,40cecd618a8131a0d6128c2c8b50a51defbc05211c1f07bbc7229a50bb4ed106
data/raw/train/healthy/healthy_train.270.jpg,train,2,1849b1688456c0521ffe185bdf89b5d5403b4b3fec0474b9fcdbe3be27707aa2
data/raw/train/healthy/healthy_train.271.jpg,train,2,3a581d6c7a78529a720a837d1d62416fcd86c6b17d05248d04a458bd7d859fd6
data/raw/train/healthy/healthy_train.272.jpg,train,2,6a387d7f7151b50f0dc02c6e97767e3b7942b7df14d747eabad176afd96727ec
data/raw/train/healthy/healthy_train.273.jpg,train,2,f75e10e2e4a8daa977f844a56649224f97325ed0a19d6efc6ca9b3bc873bd19b
data/raw/train/healthy/healthy_train.274.jpg,train,2,7aa341e2db2f3820818e4077f9332bd296434fc184fa49d4f3fc88c6236a8f95
data/raw/train/healthy/healthy_train.275.jpg,train,2,dc9f710b0caff63e091dc0c5c343ecf2d0dcd2a655cfcdc9a052727e2d223993
data/raw/train/healthy/healthy_train.276.jpg,train,2,149c4bf029158b961d9da6c15d6618331fc7f441b3dab1292de9f5c982849533
data/raw/train/healthy/healthy_train.277.jpg,train,2,9ac82c67f50e274229147debbedd779e614a9acf70e4d445c2a376f08b1a30e5
data/raw/train/healthy/healthy_train.278.jpg,train,2,42ef24dce84e83d49e2e8b70046cf0c255f3ff853e71aacb3544491974549160
data/raw/train/healthy/healthy_train.279.jpg,train,2,751f52ea3c9c101238d2486515504e625067c19498e766d4647e82809eee029b
data/raw/train/healthy/healthy_train.28.jpg,train,2,2dc6db6bf35ee4ecb1064a30949d6d040b6013944568888ac3a191c4d6255f9e
data/raw/train/healthy/healthy_train.280.jpg,train,2,8cd438652c50f934f440bd7ed5f5373231398fa196085163ea784fbab7187e4d
data/raw/train/healthy/healthy_train.281.jpg,train,2,eb49e973434abf8c9ed955e81249af8944fea258785f1a7acf1ad48768c062af
data/raw/train/healthy/healthy_train.282.jpg,train,2,d344314054ee8e128edccf394a826c5dc61e5676886d2698636c440d99930f11
data/raw/train/healthy/healthy_train.283.jpg,train,2,32f8617630ea69e5ed8883abe3b734bc338e203bbb519b73bd741f7e83f06720
data/raw/train/healthy/healthy_train.284.jpg,train,2,5bef6c175f0900755158abad38b860fd233c3e4917ba5cfa94d925887f234c90
data/raw/train/healthy/healthy_train.285.jpg,train,2,2e1bf6bdb4e02ecd2143b0e678a4480ea4a635b48dde5dddc348c45f48679194
data/raw/train/healthy/healthy_train.286.jpg,train,2,8a8a078aa7743ffe558d6cf5af2d13933ed69a764ec0f6c34667e68d8a10ef01
data/raw/train/healthy/healthy_train.287.jpg,train,2,ab48d1c1dbfdd34c33ffe4a5d8f84f9e82af0edc70fc25aa9b0f6559cd5afaa9
data/raw/train/healthy/healthy_train.288.jpg,train,2,ddec32b86e7387fbf5a50a37bf1aa9b99a7856239fcbdf6fb45b552c5d831b19
data/raw/train/healthy/healthy_train.289.jpg,train,2,226ea51e85e2a1287394d3d5493df0a336115832c652731ea6d758ab46346fab
data/raw/train/healthy/healthy_train.29.jpg,train,2,c1e4ff3c2466d1b1d0a482abd42b1b982a6ee7e03a509be64234b6cbafea1975
data/raw/train/healthy/healthy_train.290.jpg,train,2,a26b3501db112a1193faf7ae46c5e6c34c0992fd4e32948e4e77c33c33767c23
data/raw/train/healthy/healthy_train.291.jpg,train,2,d252ac76daf694da8b732b7020e4959f1b79488b985ee807a00a6d02de0dfaf0
data/raw/train/healthy/healthy_train.292.jpg,train,2,04644bcadf8233fb2332b5c6eb055e1e14726eafa9271ec53e2dd22e9988bda7
data/raw/train/healthy/healthy_train.293.jpg,train,2,d4a38806ea78bb324557c67aca68aa318d76989958dc9d48a2cbda74e7e40be3
data/raw/train/healthy/healthy_train.294.jpg,train,2,1cafe5c8fdd632068cc5f6f0a8bf7eb5a9645dc779e8c28fcd82eac48623fbe2
data/raw/train/healthy/healthy_train.295.jpg,train,2,5bc41447c0490b079d5c6a0d896a6b828352aa153ecad384e7dc8131a293a663
data/raw/train/healthy/healthy_train.296.jpg,train,2,68b10d21abe7d824dab334867f43ece0a779ec0172ab3b3f9fac90ffb80bc5c9
data/raw/train/healthy/healthy_train.297.jpg,train,2,de7fc0e7600a55c709a1f0c9502fcd107f5a4e78890df412cfb3d12d4234b4ff
data/raw/train/healthy/healthy_train.298.jpg,train,2,e6aa2d86972e18c8e30d403c6f2f7eb16b014633b498c542716318826819c0d5
data/raw/train/healthy/healthy_train.299.jpg,train,2,73a9f32c59e33ecee2712d478b2aaff338d3bf2687a99ff920c1df55c6be057c
data/raw/train/healthy/healthy_train.3.jpg,train,2,32e47fd06a13d6534f6f93f8844b33a58c6134a5c1a3fbcae1124fbc51025d6a
data/raw/train/healthy/healthy_train.30.jpg,train,2,3f8694939597573965689edec24dc8da0920b1f4b41ed2ee0e9200e048a36faf
data/raw/train/healthy/healthy_train.300.jpg,train,2,2ba3efbc3217fa0abe10b5f5066d0478728e3d725a1298564b9b923a37eed313
data/raw/train/healthy/healthy_train.301.jpg,train,2,3c034ed63f7deb0bbac3e54935479c7d1453c60e27a339deb6f010dfb926f038
data/raw/train/healthy/healthy_train.302.jpg,train,2,70d9e9b87e0b9c4b81747cacf854476c5051657650e705e1ccafbe8b949e688f
data/raw/train/healthy/healthy_train.303.jpg,train,2,5f653632e268c3af80a20db8a979acca9a79d2ed94598e0c6d656b9fe8ca3072
data/raw/train/healthy/healthy_train.304.jpg,train,2,88d5220d0bbafd403a6d389bcaea7efcad55497aa23166f0fbe0f80a2f03d1d3
data/raw/train/healthy/healthy_train.305.jpg,train,2,00baef3470463306e4c2e8a8cd7ff66a69dcdc84e2a95181297afa586a022861
data/raw/train/healthy/healthy_train.306.jpg,train,2,a01b61c157706bb1846430c15c88522fe98a4bf4a81355348ac37117c2c294c9
data/raw/train/healthy/healthy_train.307.jpg,train,2,a54b600a117dff5088be80c1b47bb2bf1746352eb200ee2a9039828253447a5e
data/raw/train/healthy/healthy_train.308.jpg,train,2,73a9bf47ca71cba8b6a036ffc66ae2a24ba48420b4f2b43660f03f6da2f42f48
data/raw/train/healthy/healthy_train.309.jpg,train,2,4ca214a570b633ab8309061538d5a21bbaa37ad68c53f1a352a3dbfb2a4b8971
data/raw/train/healthy/healthy_train.31.jpg,train,2,0d86d22261b0e982c067b79ec67746ed8f5bbbd36bf7b12d78cf5ad890ebc76b
data/raw/train/healthy/healthy_train.310.jpg,train,2,cdb997db2634ea4468302e537e295489605630534e0074b3c1c62f68d111f5cc
data/raw/train/healthy/healthy_train.311.jpg,train,2,47b5b62d664bb405405af544ffdc3ae96f600c88526458b64ecb2da596c898d4
data/raw/train/healthy/healthy_train.312.jpg,train,2,85c1621779682c41fcb9e2f3d81b016e79bd28e9f322bb905378790285f1660b
data/raw/train/healthy/healthy_train.313.jpg,train,2,c3b400c6e7f2836c0ad1c929d103d7712548474595cd46f657dab88744303010
data/raw/train/healthy/healthy_train.314.jpg,train,2,05fd168ee0972e300926ad6fe25827a279073779b9add85a5612fd696c81f430
data/raw/train/healthy/healthy_train.315.jpg,train,2,f35e591d6ba9227f6ba1fa33cc9a0ab297ec3e44edcbe0fbd42346a825bcbc19
data/raw/train/healthy/healthy_train.316.jpg,train,2,c330dbc30cac8ea044d985260c03252a2860fc281aff9300dd75441ed4395460
data/raw/train/healthy/healthy_train.317.jpg,train,2,9d1d0c559e5fdc4485fafe85d0a42afdef6b213b377af7083455028fb1128402
data/raw/train/healthy/healthy_train.318.jpg,train,2,99a6a19ee7b7ee6a1b6822c1098ba0a45a27ae5be253cb9937215679aa09301b
data/raw/train/healthy/healthy_train.319.jpg,train,2,d03b764b4f318769e779bc65174f480faff62fe1fcf389140de0e2943ec3d200
data/raw/train/healthy/healthy_train.32.jpg,train,2,edefb40036eb65753c758aae3b249db8c7aded806658f30721a32f01b3761fc4
data/raw/train/healthy/healthy_train.320.jpg,train,2,722a2c316ae835e5620614936f1ddd4cbc2597a2618ee835ca80b2a31eb0da58
data/raw/train/healthy/healthy_train.321.jpg,train,2,f904cd6b608cae9782c064d0c557286a6911a5881bbaa21b334228d325c55701
data/raw/train/healthy/healthy_train.322.jpg,train,2,654418082b2ce8440fcc1bd03e62f2e6eb24ca2823bb4b3b9179b748c4b2f080
data/raw/train/healthy/healthy_train.323.jpg,train,2,c94d52d1cd2712be8366c0e9caa524522e8d373de72d92c15562ab054647983c
data/raw/train/healthy/healthy_train.324.jpg,train,2,4376bc8e5082a5bf64baa11d93f9385e94506c5cc673c6ecbb8287c39c8da17e
data/raw/train/healthy/healthy_train.325.jpg,train,2,ec31ffd4c9509b0b4162485baf1d868563a23d50ce53812a130ddde668690f4f
data/raw/train/healthy/healthy_train.326.jpg,train,2,004a3ff762f3e6ca43f0b7136783a066684972232afd7eb8e13b9045627d6db8
data/raw/train/healthy/healthy_train.327.jpg,train,2,4bcbe8c48cb6167976e5f07933d48b67ca57fa2ffb5ebf2f0870af1b5405f4c0
data/raw/train/healthy/healthy_train.328.jpg,train,2,db8ad5242d0087217d16d26e9db37f562f107ce79095762776491173984f792e
data/raw/train/healthy/healthy_train.329.jpg,train,2,8fc60a52adebb258029bd12bfcdd0930ae9693462cc9a5ee99a45dc223813fa4
data/raw/train/healthy/healthy_train.33.jpg,train,2,de0a8ad49065ad900a321866a37336e8fa03b411113737ab3a3a1b15d9cb0c6b
data/raw/train/healthy/healthy_train.330.jpg,train,2,777a56d6148b960386f5babd8aae7293947e41d3c35ed0692832faa3314cb3cd
data/raw/train/healthy/healthy_train.331.jpg,train,2,21c217c0100b37af5f9e43af60b86fac5c6f9b674093acdb026571c6ff01f35d
data/raw/train/healthy/healthy_train.332.jpg,train,2,fb39928d4b3ce3ce811ebeacb5d1026282617fba22a8ea4293b6975c00c45464
data/raw/train/healthy/healthy_train.333.jpg,train,2,85f1458ecd2d142f37a82729503a617459d575b38ff3204d2dfd85d014a8677f
data/raw/train/healthy/healthy_train.334.jpg,train,2,777fd71e0d00197392aa0fe007244d02cd7f2d0f7a9cfba8f9ab478a9b4486c8
data/raw/train/healthy/healthy_train.335.jpg,train,2,bb2a6b25e6e84dcab8689fabc9f241afd1679d4dc054fb2ca1d8acacff5a8bc9
data/raw/train/healthy/healthy_train.336.jpg,train,2,5494515129c839865a41501380b1592256ebf6e382702360e8e1f8f9eed82b74
data/raw/train/healthy/healthy_train.337.jpg,train,2,52d6d7fffb6729b649da4356fe6fd037209a2d21c550be93e5ef924a9a41020f
data/raw/train/healthy/healthy_train.338.jpg,train,2,14038e26f9b3684c29d12a2d0e438a87c4254c7b06b718b9a1c3b1591e2c4afa
data/raw/train/healthy/healthy_train.339.jpg,train,2,0ee821b0681be03a0b0f38d166fbc0320be0bd173227cedaa0af858e4dbed9f0
data/raw/train/healthy/healthy_train.34.jpg,train,2,aa81a319d2fd229a6e394d3c388c5f7294ae60a251ce0ce9635c896115ddc134
data/raw/train/healthy/healthy_train.340.jpg,train,2,43ad7252f310fd880a826fdb6d581de90c292383b5d53470d739d2f72240946e
data/raw/train/healthy/healthy_train.341.jpg,train,2,0341f040c5b9c8492cdee5db908584a624641ef420b5757a3a5dad35bdaca6d9
data/raw/train/healthy/healthy_train.35.jpg,train,2,562eff9a79f6977a2148cb16e6c822efd85463a9c8bc8a837b2702a1a26ebbeb
data/raw/train/healthy/healthy_train.36.jpg,train,2,22a148acc0a26c52d4b1afc2b976bd56045ef8bd8ccf10e3d836ab9069af30e7
data/raw/train/healthy/healthy_train.37.jpg,train,2,46c73dbd06286955d82d8ac7ffb1cda02440b99838a2b321b9e8634e0f2ebe79
data/raw/train/healthy/healthy_train.38.jpg,train,2,8e53ca32559ea1c5bb710b84c268f5094ce605be3c81c31333169c1281296f31
data/raw/train/healthy/healthy_train.39.jpg,train,2,0b26de341ba3548da3f5cefb336fb3f3f2000738e045159861db9599ef1a0c7b
data/raw/train/healthy/healthy_train.4.jpg,train,2,3a93bd70269019c453506448292c8143b9d7a45de90456ccab157d1b8000be48
data/raw/train/healthy/healthy_train.40.jpg,train,2,4aead808cc793cb74bccdb886a82c72922c02085316ca313a43374ef25697959
data/raw/train/healthy/healthy_train.41.jpg,train,2,b140847ecd068a0a53ad9d89eacfd03f31130949f331814030d3d4e58e966055
data/raw/train/healthy/healthy_train.42.jpg,train,2,38426281e379ad9f63d0d5f50fdfa5d8c91d9bd294fbcb0e49c663cd9d5b53c3
data/raw/train/healthy/healthy_train.43.jpg,train,2,6aa26e6052cbb5761e18488b24135fd8048cf846d6cf47e95c546eb4821f9f45
data/raw/train/healthy/healthy_train.44.jpg,train,2,516d1867490c1933f3900a64d028360e7ea23528d7175b65756ae85a6d9293da
data/raw/train/healthy/healthy_train.45.jpg,train,2,01903ed3621d0130d09a93e09eea33905812fd2f9a21d0d94ba8d2daa53afca9
data/raw/train/healthy/healthy_train.46.jpg,train,2,d958a79b12fd3e775d344bd854e99b9098098593e392c84900f6112e25ec5c49
data/raw/train/healthy/healthy_train.47.jpg,train,2,a826b6863d77737aff409170531fbd4b45cb296a3fd925e617e4a252e224fbdb
data/raw/train/healthy/healthy_train.48.jpg,train,2,a8d42303ea01d347012e72fbb8af5f3d897fb7d7dab73969c54f995b0aec494c
data/raw/train/healthy/healthy_train.49.jpg,train,2,778e1649c572b0b65dc2d2abf62d0020db8add7e78f2fac2f2c31dd2653ac9cd
data/raw/train/healthy/healthy_train.5.jpg,train,2,e151078a76ad85da03908e195944e044f0b82b1c42b076ad9a44a9b8cd69a620
data/raw/train/healthy/healthy_train.50.jpg,train,2,b55cc874e32422f5e5154853211285a2b92f6595bc1ef839d764a4e5706d318c
data/raw/train/healthy/healthy_train.51.jpg,train,2,69d28592bac59e314b94a5757debef575b25e51f41f4ca76be199c43ceaadaeb
data/raw/train/healthy/healthy_train.52.jpg,train,2,a0119bb82b3d65ca1bb501acbd145cf565376b4b66a38b88f4fe6430c8c28902
data/raw/train/healthy/healthy_train.53.jpg,train,2,20926d8b483d27b91fb1d7f8ac399b1e93605b37d87a07670e3345db731bcfb8
data/raw/train/healthy/healthy_train.54.jpg,train,2,606ab4fc3b3cd030608d2c06b745e9a55618b3b2e4a3f8d3d12e772685e81e5c
data/raw/train/healthy/healthy_train.55.jpg,train,2,9a55dbf6f93df1f6d928a9d0351d49666cf62b4d4ec12d05a23142e04a90118f
data/raw/train/healthy/healthy_train.56.jpg,train,2,e86a231b19c16059606372d2eea446321f49fa17720985938d922381f8f1c93d
data/raw/train/healthy/healthy_train.57.jpg,train,2,d3bb9e7cf04133edbf5110a29c271ca9cef5372c924efc4990cc2b5e348d7b93
data/raw/train/healthy/healthy_train.58.jpg,train,2,57d11f6982be41dcd540a95d748c4ee5b8269437fa044056449f4dd1cb02041b
data/raw/train/healthy/healthy_train.59.jpg,train,2,b7cc2a9a2d9ac7ba791abe650b3c6b573e8d5911b41f4debd1880cc22d4df184
data/raw/train/healthy/healthy_train.6.jpg,train,2,0c03316dedd5f2e4ccfcdc8c670684decaa66435c347713cdfcf2564f7ce9e37
data/raw/train/healthy/healthy_train.60.jpg,train,2,2ed62310a86033658aaabbe092ac57aa3912cefbc69571db8bb41de1cd01ce1d
data/raw/train/healthy/healthy_train.61.jpg,train,2,4eb2c8e3884964d74afe1bdc156799877eb941e61b6e66edce78900258f0681c
data/raw/train/healthy/healthy_train.62.jpg,train,2,e7692f4157fa3e0d6b5b176f08da95f2bc9c2e69f5d8b219847c02bfe36e3d75
data/raw/train/healthy/healthy_train.63.jpg,train,2,c66a174eb56e61170dd0d157b06beef4ef27adf5177eda8f0083d0c5c2d9b7da
data/raw/train/healthy/healthy_train.64.jpg,train,2,674ddd5d59bf24165a4d8739890629607f6c4c75fcb2543e5ba47cc2230b419b
data/raw/train/healthy/healthy_train.65.jpg,train,2,4a3e6e0b580de9452d9fdc5523b38845436eaa0aeb31eca9f2e683bbfc53a3b5
data/raw/train/healthy/healthy_train.66.jpg,train,2,0709ed0e7bba53d6634d88df363b28e8c1281e28943b2a70bb70b97eb8a0e835
data/raw/train/healthy/healthy_train.67.jpg,train,2,f97c0e07a52e547fd563d3e0524b94e06528d418bf8574f14c4d1b210f223667
data/raw/train/healthy/healthy_train.68.jpg,train,2,eb5c0f5eabe39c9c95c498e3de7040ff7f9394b4d3371f55f4c7e588fe2c01e0
data/raw/train/healthy/healthy_train.69.jpg,train,2,b13773c775ef004af51f8928c4ed1e47b30df96132b3a82b8e9179034d793304
data/raw/train/healthy/healthy_train.7.jpg,train,2,498115db882e2e0f23eb2a169575a9b4edaa0b5e8c16d127c8594ae0c928b0f6
data/raw/train/healthy/healthy_train.70.jpg,train,2,baa8ac118a9ddfc4dc76df64f7ff2f6601a9fdf362f95dc3d717ef3dd1251270
data/raw/train/healthy/healthy_train.71.jpg,train,2,727c9b11ac890b1f06267b1a388de33cf0be0c53f2a58e1a7dbc0080e59d0de6
data/raw/train/healthy/healthy_train.72.jpg,train,2,2981ebc935a58ff6228e969751ba58699d1a4b8799ab663545ed37478770d9f1
data/raw/train/healthy/healthy_train.73.jpg,train,2,d2723e2c24def3984653d9893e5e1def587b8092f302fdf54603d904b815a16d
data/raw/train/healthy/healthy_train.74.jpg,train,2,dab50b4f66b3b7184d350759e0f8fde8db729aaebb7d31a2994443242810efdc
data/raw/train/healthy/healthy_train.75.jpg,train,2,74a4836dae43630d55450a5c9843453ca6f96811634faa8c7fa04072259fbc3e
data/raw/train/healthy/healthy_train.76.jpg,train,2,265233df90b4e311841c123ac7b4a4ec32782410be01a4b36feb25a49a9d706a
data/raw/train/healthy/healthy_train.77.jpg,train,2,f8cb79b410af30b98feb80bd1f83cb8301def92c32aa1c017873365221e288ea
data/raw/train/healthy/healthy_train.78.jpg,train,2,a25cf4097a614a49c05909db84ed046d47ecbb0e55b342aaae97666dc59c18fa
data/raw/train/healthy/healthy_train.79.jpg,train,2,d87a5b868ddc53d21237b09dc4628fa015effad80cc5d65e017d98266ae6deb9
data/raw/train/healthy/healthy_train.8.jpg,train,2,c767b5963ac166c442028746b7c87a3bdf0f6b130b45c5b3937198e48bf34251
data/raw/train/healthy/healthy_train.80.jpg,train,2,33d19c04d308a37d32bdc7f4bcb36d4022198edc0c627a447c062c013a46a5d1
data/raw/train/healthy/healthy_train.81.jpg,train,2,875a1eba6f42f442de76b86cae12f105dc410fdf77037a136a974a92cab1cd37
data/raw/train/healthy/healthy_train.82.jpg,train,2,90f7609ab296caca47a33cbe6bae85ccbc1008aa1a5d31342f3aca47cadbf80b
data/raw/train/healthy/healthy_train.83.jpg,train,2,64b95fac578d21766bbe3c44cf8ba8e3524b1a9c24a54736633aaf77ed74b1ea
data/raw/train/healthy/healthy_train.84.jpg,train,2,82d8f689dde0a2d07d088c326dcf7b18d3efe00b3142a5215b98b1eaf0f46fda
data/raw/train/healthy/healthy_train.85.jpg,train,2,832a02be9c6b7934a3de9e86ac5898a0d3a9a157755570e305533df159edcd3d
data/raw/train/healthy/healthy_train.86.jpg,train,2,57f715a1af1ffa7f34d44f98ad14becde42ee3f37123d7a4b5dd83d6d3494027
data/raw/train/healthy/healthy_train.87.jpg,train,2,8db10eadbedf739190963d7fc1b07f2f90e4ab4535fe285bd95543f104a69b36
data/raw/train/healthy/healthy_train.88.jpg,train,2,8312fdac8e3fe4a79f4f5837ca7354ce065294260b1009a82804b45b7ace95a1
data/raw/train/healthy/healthy_train.89.jpg,train,2,7051140f66d8c20a9318a103ff5f6ed15e90b69d3dcc4a45f134665673aad109
data/raw/train/healthy/healthy_train.9.jpg,train,2,33a4205f770b0200b961043ff30feaa74084e4e42de6152ff54fad4ec5053f16
data/raw/train/healthy/healthy_train.90.jpg,train,2,3e0bbf9962b0d818e58ff18e37e224401b87584a012f2855f639e0ba1e6342d5
data/raw/train/healthy/healthy_train.91.jpg,train,2,eb3806c34aa465f0f07082cab65ab769e9933c5ef68124e1920bd343c7cb3e8f
data/raw/train/healthy/healthy_train.92.jpg,train,2,0a4978584327c6f4766516a04e8f80b6282ef1fbd7884d56b8351a2e0ee1fdd7
data/raw/train/healthy/healthy_train.93.jpg,train,2,4a9a2fafa536e5c49b9135bc232fccba6dd8145ae3a091516f91e13047438d3a
data/raw/train/healthy/healthy_train.94.jpg,train,2,8d19331e5251e7e8a84850a2382ca54b8597c18c2469510b5f8b43859d9c9936
data/raw/train/healthy/healthy_train.95.jpg,train,2,7d87e51c0df3b5da9418805dc250a97afb41507e0fb143c044615dabcfe9e35e
data/raw/train/healthy/healthy_train.96.jpg,train,2,620c1d16e7c68f3f03f40135784b0267cb45ce97da859c265dbfa586e7dea7c9
data/raw/train/healthy/healthy_train.97.jpg,train,2,98d87fbef0d781ae2f1e6238580607e1aef897af5fb3fa2c0451f707587f0a2c
data/raw/train/healthy/healthy_train.98.jpg,train,2,755ab3920b429359281872df6056c0daa62af1afa6f46d4587e743cfa01b9000
data/raw/train/healthy/healthy_train.99.jpg,train,2,503bfe82f876b32f4721191fec1a9af774d88d7bdcc22edb8b81a3c337c9471d
